kernel,N,nnz,sparsity,op_intensity_cpu,mem_mb,cpu_time_s,cpu_energy_j,gflops_cpu,bw_gbps_cpu,CPU_Cores,CPU_Freq,op_intensity_gpu,gpu_sm_count,gpu_freq_ghz,gpu_mem_gb,gpu_mem_bw_gbps,gpu_time_s,gpu_energy_j,gflops_gpu,bw_gbps_gpu,speedup,ilp_label,ilp_obj
GEMM,1024,0,0,85.3333,25.1658,0.017803111,1.25375,120.6241,1.4136,8,3.2,85.3333,24,1.112,24.0468,288.384,0.0144698,1.76946,148.411,1.73919,1.2303633,0,287.04329
GEMM,1152,0,0,96,31.8505,0.031070211,1.94134,98.4109,1.0251,8,3.2,96,24,1.112,24.0468,288.384,0.0188809,2.16274,161.944,1.68691,1.6455895,1,287.04329
GEMM,1280,0,0,106.667,39.3216,0.056014618,2.76315,74.8787,0.702,8,3.2,106.667,24,1.112,24.0468,288.384,0.0253834,3.29951,165.238,1.5491,2.2067421,1,287.04329
GEMM,1408,0,0,117.333,47.5791,0.056599621,3.39074,98.6335,0.8406,8,3.2,117.333,24,1.112,24.0468,288.384,0.0321002,3.41919,173.912,1.48221,1.7632171,0,287.04329
GEMM,1536,0,0,128,56.6231,0.055668813,4.44551,130.1942,1.0171,8,3.2,128,24,1.112,24.0468,288.384,0.0375119,4.58638,193.212,1.50947,1.4840307,0,287.04329
GEMM,1664,0,0,138.667,66.4535,0.074186574,5.58928,124.2123,0.8958,8,3.2,138.667,24,1.112,24.0468,288.384,0.049558,5.61634,185.941,1.34092,1.4969646,0,287.04329
GEMM,1792,0,0,149.333,77.0703,0.087210385,7.1945,131.9702,0.8837,8,3.2,149.333,24,1.112,24.0468,288.384,0.0640162,7.05879,179.785,1.20392,1.3623174,0,287.04329
GEMM,1920,0,0,160,88.4736,0.10883297,8.72425,130.0688,0.8129,8,3.2,160,24,1.112,24.0468,288.384,0.0765134,8.50078,185.011,1.15632,1.4224041,0,287.04329
GEMM,2048,0,0,170.667,100.6633,0.12572814,11.1216,136.643,0.8006,8,3.2,170.667,24,1.112,24.0468,288.384,0.0901351,11.0393,190.601,1.11681,1.3948855,0,287.04329
GEMM,2304,0,0,192,127.402,0.15802654,15.7514,154.7916,0.8062,8,3.2,192,24,1.112,24.0468,288.384,0.128224,14.8497,190.769,0.993589,1.2324256,0,287.04329
GEMM,2560,0,0,213.333,157.2864,0.22099321,21.7954,151.8347,0.7117,8,3.2,213.333,24,1.112,24.0468,288.384,0.173144,20.292,193.795,0.908416,1.276355,0,287.04329
GEMM,2816,0,0,234.667,190.3165,0.28953046,28.7455,154.253,0.6573,8,3.2,234.667,24,1.112,24.0468,288.384,0.233568,26.5436,191.211,0.814821,1.2395982,0,287.04329
GEMM,3072,0,0,256,226.4924,0.38206799,37.763,151.7585,0.5928,8,3.2,256,24,1.112,24.0468,288.384,0.298694,34.1896,194.118,0.758275,1.2791284,0,287.04329
GEMM,3328,0,0,277.333,265.814,0.47474616,47.3095,155.2811,0.5599,8,3.2,277.333,24,1.112,24.0468,288.384,0.381412,43.7098,193.279,0.69692,1.2447069,0,287.04329
GEMM,3584,0,0,298.667,308.2813,0.5947499,59.3695,154.8102,0.5183,8,3.2,298.667,24,1.112,24.0468,288.384,0.470553,54.3094,195.67,0.655147,1.2639382,0,287.04329
GEMM,3840,0,0,320,353.8944,0.73158457,72.7338,154.7958,0.4837,8,3.2,320,24,1.112,24.0468,288.384,0.580408,67.3866,195.115,0.609734,1.260466,0,287.04329
GEMM,4096,0,0,341.333,402.6532,0.94706308,92.6855,145.1212,0.4252,8,3.2,341.333,24,1.112,24.0468,288.384,0.700908,81.7401,196.087,0.574473,1.3511946,0,287.04329
GEMM,4608,0,0,384,509.6079,1.271883,126.484,153.8581,0.4007,8,3.2,384,24,1.112,24.0468,288.384,1.00557,116.971,194.606,0.506787,1.2648379,0,287.04329
GEMM,5120,0,0,426.667,629.1456,1.7401268,174.471,154.262,0.3616,8,3.2,426.667,24,1.112,24.0468,288.384,1.37172,159.886,195.692,0.458654,1.2685729,0,287.04329
GEMM,5632,0,0,469.333,761.2662,2.3027893,231.553,155.1543,0.3306,8,3.2,469.333,24,1.112,24.0468,288.384,1.82764,214.703,195.491,0.41653,1.2599797,0,287.04329
GEMM,6144,0,0,512,905.9697,3.0563367,304.809,151.7688,0.2964,8,3.2,512,24,1.112,24.0468,288.384,2.37266,280.021,195.5,0.381836,1.2881478,0,287.04329
GEMM,6656,0,0,554.667,1063.2561,3.8023872,382.001,155.1006,0.2796,8,3.2,554.667,24,1.112,24.0468,288.384,3.02115,359.659,195.208,0.351937,1.2585893,0,287.04329
GEMM,7168,0,0,597.333,1233.1254,4.7978342,479.628,153.5249,0.257,8,3.2,597.333,24,1.112,24.0468,288.384,3.76794,451.996,195.488,0.327268,1.2733308,0,287.04329
GEMM,7680,0,0,640,1415.5776,5.8508,586.907,154.8454,0.2419,8,3.2,640,24,1.112,24.0468,288.384,4.62937,561.105,195.701,0.305782,1.2638437,0,287.04329
GEMM,8192,0,0,682.667,1610.6127,7.3791424,735.5,149.0026,0.2183,8,3.2,682.667,24,1.112,24.0468,288.384,5.62099,688.752,195.608,0.286536,1.3127834,0,287.04329
GEMM,9216,0,0,768,2038.4317,10.111294,1018.31,154.8284,0.2016,8,3.2,768,24,1.112,24.0468,288.384,8.00662,989.779,195.528,0.254593,1.2628667,0,287.04329
GEMM,10240,0,0,853.333,2516.5824,14.201575,1417.95,151.2145,0.1772,8,3.2,853.333,24,1.112,24.0468,288.384,10.9842,1362.22,195.506,0.229108,1.2929093,0,287.04329
GEMM,11264,0,0,938.667,3045.0647,18.464261,1853.87,154.8018,0.1649,8,3.2,938.667,24,1.112,24.0468,288.384,14.6038,1806.56,195.722,0.208511,1.2643463,0,287.04329
GEMM,12288,0,0,1024,3623.8787,24.373512,2439.11,152.2494,0.1487,8,3.2,1024,24,1.112,24.0468,288.384,18.9585,2340.26,195.736,0.191148,1.2856245,0,287.04329
GEMM,13312,0,0,1109.33,4253.0243,30.566224,3058.49,154.3541,0.1391,8,3.2,1109.33,24,1.112,24.0468,288.384,24.1059,2994.91,195.721,0.176431,1.2679976,1,287.04329
GEMM,14336,0,0,1194.67,4932.5015,38.557119,3859.97,152.8303,0.1279,8,3.2,1194.67,24,1.112,24.0468,288.384,30.093,3736.03,195.816,0.163909,1.2812654,1,287.04329
GEMM,15360,0,0,1280,5662.3104,46.764672,4694.02,154.9836,0.1211,8,3.2,1280,24,1.112,24.0468,288.384,37.0134,4618.08,195.814,0.15298,1.2634525,1,287.04329
GEMM,16384,0,0,1365.33,6442.4509,59.527432,5913.04,147.7654,0.1082,8,3.2,684.85236,24,1.112,24.0468,288.384,22.464973,2808.4968,110.55435,2.9672695,2.6497887,1,287.04329
SpMV,1000,10000,0.01,0.142853,0.14,4.676285e-06,0.000359558,4.2769,29.9392,8,3.2,0.0825824,24,1.112,24.0468,288.384,1.331585e-05,0.0016288625,0.4794285,4.3792,0.35118186,0,287.04329
SpMV,2000,40000,0.01,0.153845,0.52,9.38974e-06,0.000759825,8.5199,55.38,8,3.2,0.09243555,24,1.112,24.0468,288.384,1.492145e-05,0.0016888375,1.646911,12.565508,0.62927799,0,287.04329
SpMV,5000,250000,0.01,0.16129,3.1,3.8577585e-05,0.00332787,12.9609,80.3576,8,3.2,0.10282145,24,1.112,24.0468,288.384,2.34829e-05,0.00255208,3.8570982,28.387463,1.6427948,0,287.04329
SpMV,10000,1000000,0.01,0.163934,12.2,0.00014196341,0.0123937,14.0881,85.9377,8,3.2,0.10794735,24,1.112,24.0468,288.384,4.10326e-05,0.0056353775,7.3921275,52.8825,3.4597712,0,287.04329
SpMV,12500,1562500,0.01,0.164474,19,0.00022538422,0.0196469,13.8652,84.3005,8,3.2,0.11136507,24,1.112,24.0468,288.384,5.37083e-05,0.0078031375,8.60267,61.5024,4.1964505,0,287.04329
SpMV,15000,2250000,0.01,0.164835,27.3,0.00033509174,0.0286223,13.4292,81.4702,8,3.2,0.11407033,24,1.112,24.0468,288.384,6.8771225e-05,0.010623585,9.5970425,68.73525,4.8725573,0,287.04329
SpMV,60000,36000000,0.01,0.166205,433.2,0.013411567,1.09501,5.3685,32.3005,8,3.2,0.13032547,24,1.112,24.0468,288.384,0.0010056245,0.15598552,14.561618,106.5183,13.336556,0,287.04329
SpMV,75000,56250000,0.01,0.166297,676.5,0.021039608,1.71612,5.3471,32.1536,8,3.2,0.13205097,24,1.112,24.0468,288.384,0.0016545889,0.24048425,15.442243,114.4165,12.715912,0,287.04329
SpMV,100000,100000000,0.01,0.166389,1202,0.03811926,3.09578,5.2467,31.5326,8,3.2,1.145228,24,1.112,24.0468,288.384,0.0021642772,0.37476802,29.465082,104.07284,17.612928,0,287.04329
SpMV,125000,156250000,0.01,0.166445,1877.5,0.05911462,4.81955,5.2863,31.7603,8,3.2,0.13735163,24,1.112,24.0468,288.384,0.0045384564,0.77404585,17.836535,129.11975,13.02527,0,287.04329
SpMV,150000,225000000,0.01,0.166482,2703,0.086363725,7.03085,5.2105,31.2979,8,3.2,0.14006608,24,1.112,24.0468,288.384,0.0065657149,1.1015155,18.182405,127.472,13.153743,0,287.04329
SpMV,200000,400000000,0.01,0.166528,4804,0.15828597,12.8135,5.0541,30.3501,8,3.2,1.2159124,24,1.112,24.0468,288.384,0.010393967,1.6773151,33.65654,109.00374,15.228639,0,287.04329
SpMV,250000,625000000,0.01,0.166556,7505,0.3412679,26.0188,3.6628,21.9915,8,3.2,0.14709225,24,1.112,24.0468,288.384,0.019290446,3.1666282,19.892,135.832,17.691032,0,287.04329
SpMV,300000,900000000,0.01,0.166574,10806,0.60560113,44.4244,2.9723,17.8434,8,3.2,0.1493395,24,1.112,24.0468,288.384,0.028521241,4.6067009,19.666825,132.8695,21.233337,0,287.04329
SpMV,1000,1000,0.001,0.0624922,0.032,2.943034e-06,0.000201965,0.6796,10.8745,8,3.2,0.0825824,24,1.112,24.0468,288.384,1.331585e-05,0.0016288625,0.4794285,4.3792,0.22101736,0,287.04329
SpMV,2000,4000,0.001,0.090905,0.088,3.790145e-06,0.000243957,2.1107,23.2192,8,3.2,0.09243555,24,1.112,24.0468,288.384,1.492145e-05,0.0016888375,1.646911,12.565508,0.25400648,0,287.04329
SpMV,5000,25000,0.001,0.124999,0.4,1.1354546e-05,0.00069232,4.4035,35.2285,8,3.2,0.10282145,24,1.112,24.0468,288.384,2.34829e-05,0.00255208,3.8570982,28.387463,0.48352401,0,287.04329
SpMV,10000,100000,0.001,0.142857,1.4,2.7005645e-05,0.00207318,7.4059,51.8412,8,3.2,0.10794735,24,1.112,24.0468,288.384,4.10326e-05,0.0056353775,7.3921275,52.8825,0.65815096,0,287.04329
SpMV,12500,156250,0.001,0.147059,2.125,3.964037e-05,0.0030971,7.8834,53.6071,8,3.2,0.11136507,24,1.112,24.0468,288.384,5.37083e-05,0.0078031375,8.60267,61.5024,0.73806786,0,287.04329
SpMV,15000,225000,0.001,0.15,3,5.5186668e-05,0.00437536,8.1541,54.361,8,3.2,0.11407033,24,1.112,24.0468,288.384,6.8771225e-05,0.010623585,9.5970425,68.73525,0.80246743,0,287.04329
SpMV,60000,3600000,0.001,0.162162,44.4,0.0009526187,0.0650548,7.5581,46.6084,8,3.2,0.13032547,24,1.112,24.0468,288.384,0.0010056245,0.15598552,14.561618,106.5183,0.94729071,0,287.04329
SpMV,75000,5625000,0.001,0.163043,69,0.0018048367,0.137844,6.2333,38.2306,8,3.2,0.13205097,24,1.112,24.0468,288.384,0.0016545889,0.24048425,15.442243,114.4165,1.0908067,0,287.04329
SpMV,100000,10000000,0.001,0.163934,122,0.0036360218,0.275466,5.5005,33.5532,8,3.2,1.145228,24,1.112,24.0468,288.384,0.0021642772,0.37476802,29.465082,104.07284,1.6800166,0,287.04329
SpMV,125000,15625000,0.001,0.164474,190,0.0056528169,0.446292,5.5282,33.6116,8,3.2,0.13735163,24,1.112,24.0468,288.384,0.0045384564,0.77404585,17.836535,129.11975,1.2455374,0,287.04329
SpMV,150000,22500000,0.001,0.164835,273,0.0081016318,0.651334,5.5544,33.6969,8,3.2,0.14006608,24,1.112,24.0468,288.384,0.0065657149,1.1015155,18.182405,127.472,1.2339299,0,287.04329
SpMV,200000,40000000,0.001,0.165289,484,0.014531284,1.15359,5.5054,33.3074,8,3.2,1.2159124,24,1.112,24.0468,288.384,0.010393967,1.6773151,33.65654,109.00374,1.3980499,0,287.04329
SpMV,250000,62500000,0.001,0.165563,755,0.022590938,1.82671,5.5332,33.4205,8,3.2,0.14709225,24,1.112,24.0468,288.384,0.019290446,3.1666282,19.892,135.832,1.1710946,0,287.04329
SpMV,300000,90000000,0.001,0.165746,1086,0.033070161,2.67094,5.443,32.8393,8,3.2,0.1493395,24,1.112,24.0468,288.384,0.028521241,4.6067009,19.666825,132.8695,1.1594924,0,287.04329
SpMV,400000,160000000,0.001,0.165975,1928,0.059810977,4.83741,5.3502,32.2349,8,3.2,1.5647805,24,1.112,24.0468,288.384,0.003957745,0.68718195,41.52065,113.05837,15.112388,0,287.04329
SpMV,500000,250000000,0.001,0.166113,3010,0.094351422,7.70366,5.2993,31.902,8,3.2,0.150801,24,1.112,24.0468,288.384,0.0075498303,1.306483,22.117967,147.13267,12.497158,0,287.04329
SpMV,1000000,1000000000,0.001,0.166389,12020,0.46482858,36.4719,4.3027,25.859,8,3.2,0.15772667,24,1.112,24.0468,288.384,0.035582853,5.9811337,22.355167,142.32033,13.063275,0,287.04329
SpMV,1000,1000,0.0001,0.0624922,0.032,2.822111e-06,0.000201965,0.7087,11.3404,8,3.2,0.0825824,24,1.112,24.0468,288.384,1.331585e-05,0.0016288625,0.4794285,4.3792,0.21193623,0,287.04329
SpMV,2000,2000,0.0001,0.0624961,0.064,3.354514e-06,0.000207275,1.1924,19.08,8,3.2,0.09243555,24,1.112,24.0468,288.384,1.492145e-05,0.0016888375,1.646911,12.565508,0.22481153,0,287.04329
SpMV,5000,5000,0.0001,0.0624984,0.16,4.533656e-06,0.000350768,2.2057,35.2925,8,3.2,0.10282145,24,1.112,24.0468,288.384,2.34829e-05,0.00255208,3.8570982,28.387463,0.19306202,0,287.04329
SpMV,10000,10000,0.0001,0.0624992,0.32,6.835949e-06,0.000507445,2.9257,46.8119,8,3.2,0.10794735,24,1.112,24.0468,288.384,4.10326e-05,0.0056353775,7.3921275,52.8825,0.166598,0,287.04329
SpMV,12500,15625,0.0001,0.0714279,0.4375,1.1804011e-05,0.000755064,2.6474,37.064,8,3.2,0.11136507,24,1.112,24.0468,288.384,5.37083e-05,0.0078031375,8.60267,61.5024,0.21978002,0,287.04329
SpMV,15000,22500,0.0001,0.0789468,0.57,1.4063777e-05,0.000891661,3.1997,40.5299,8,3.2,0.11407033,24,1.112,24.0468,288.384,6.8771225e-05,0.010623585,9.5970425,68.73525,0.20450089,0,287.04329
SpMV,60000,360000,0.0001,0.130435,5.52,9.08527e-05,0.00793454,7.9249,60.7577,8,3.2,0.13032547,24,1.112,24.0468,288.384,0.0010056245,0.15598552,14.561618,106.5183,0.090344562,0,287.04329
SpMV,75000,562500,0.0001,0.136364,8.25,0.00015601742,0.0125964,7.2107,52.8787,8,3.2,0.13205097,24,1.112,24.0468,288.384,0.0016545889,0.24048425,15.442243,114.4165,0.094293764,0,287.04329
SpMV,100000,1000000,0.0001,0.142857,14,0.00025981804,0.0181323,7.6977,53.8839,8,3.2,1.145228,24,1.112,24.0468,288.384,0.0021642772,0.37476802,29.465082,104.07284,0.12004841,0,287.04329
SpMV,125000,1562500,0.0001,0.147059,21.25,0.00076442062,0.0455993,4.0881,27.7988,8,3.2,0.13735163,24,1.112,24.0468,288.384,0.0045384564,0.77404585,17.836535,129.11975,0.16843185,0,287.04329
SpMV,150000,2250000,0.0001,0.15,30,0.00081213168,0.051577,5.541,36.9398,8,3.2,0.14006608,24,1.112,24.0468,288.384,0.0065657149,1.1015155,18.182405,127.472,0.1236928,0,287.04329
SpMV,200000,4000000,0.0001,0.153846,52,0.001328968,0.0904771,6.0197,39.1281,8,3.2,1.2159124,24,1.112,24.0468,288.384,0.010393967,1.6773151,33.65654,109.00374,0.12785956,0,287.04329
SpMV,250000,6250000,0.0001,0.15625,80,0.002288386,0.173593,5.4624,34.9591,8,3.2,0.14709225,24,1.112,24.0468,288.384,0.019290446,3.1666282,19.892,135.832,0.11862795,0,287.04329
SpMV,300000,9000000,0.0001,0.157895,114,0.003460129,0.263055,5.2021,32.9467,8,3.2,0.1493395,24,1.112,24.0468,288.384,0.028521241,4.6067009,19.666825,132.8695,0.12131762,0,287.04329
SpMV,400000,16000000,0.0001,0.16,200,0.0061226342,0.483995,5.2265,32.6657,8,3.2,1.5647805,24,1.112,24.0468,288.384,0.003957745,0.68718195,41.52065,113.05837,1.5470007,0,287.04329
SpMV,500000,25000000,0.0001,0.16129,310,0.0092651356,0.743843,5.3966,33.4588,8,3.2,0.150801,24,1.112,24.0468,288.384,0.0075498303,1.306483,22.117967,147.13267,1.2271979,0,287.04329
SpMV,1000000,100000000,0.0001,0.163934,1220,0.036438694,2.92933,5.4887,33.4809,8,3.2,0.15772667,24,1.112,24.0468,288.384,0.035582853,5.9811337,22.355167,142.32033,1.0240521,0,287.04329
SpMV,2000000,400000000,0.0001,0.165289,4840,0.14593058,11.6218,5.4821,33.1665,8,3.2,0.1595675,24,1.112,24.0468,288.384,0.01774859,3.1313435,23.9684,150.1715,8.222094,0,287.04329
SpMV,1000,1000,1e-05,0.0624922,0.032,2.85685e-06,0.000201782,0.7001,11.2025,8,3.2,0.0825824,24,1.112,24.0468,288.384,1.331585e-05,0.0016288625,0.4794285,4.3792,0.21454507,0,287.04329
SpMV,2000,2000,1e-05,0.0624961,0.064,3.308175e-06,0.000209289,1.2091,19.3472,8,3.2,0.09243555,24,1.112,24.0468,288.384,1.492145e-05,0.0016888375,1.646911,12.565508,0.221706,0,287.04329
SpMV,5000,5000,1e-05,0.0624984,0.16,4.61892e-06,0.000350707,2.165,34.641,8,3.2,0.10282145,24,1.112,24.0468,288.384,2.34829e-05,0.00255208,3.8570982,28.387463,0.19669291,0,287.04329
SpMV,10000,10000,1e-05,0.0624992,0.32,6.770151e-06,0.000510253,2.9541,47.2669,8,3.2,0.10794735,24,1.112,24.0468,288.384,4.10326e-05,0.0056353775,7.3921275,52.8825,0.16499444,0,287.04329
SpMV,12500,12500,1e-05,0.0624994,0.4,7.980811e-06,0.000588804,3.1325,50.1207,8,3.2,0.11136507,24,1.112,24.0468,288.384,5.37083e-05,0.0078031375,8.60267,61.5024,0.14859549,0,287.04329
SpMV,15000,15000,1e-05,0.0624995,0.48,9.065774e-06,0.000667418,3.3091,52.9468,8,3.2,0.11407033,24,1.112,24.0468,288.384,6.8771225e-05,0.010623585,9.5970425,68.73525,0.13182511,0,287.04329
SpMV,60000,60000,1e-05,0.0624999,1.92,2.937874e-05,0.00267088,4.0846,65.3535,8,3.2,0.13032547,24,1.112,24.0468,288.384,0.0010056245,0.15598552,14.561618,106.5183,0.029214425,0,287.04329
SpMV,75000,75000,1e-05,0.0624999,2.4,3.608606e-05,0.00311766,4.1567,66.5078,8,3.2,0.13205097,24,1.112,24.0468,288.384,0.0016545889,0.24048425,15.442243,114.4165,0.021809683,0,287.04329
SpMV,100000,100000,1e-05,0.0624999,3.2,4.69989e-05,0.0032324,4.2554,68.0868,8,3.2,1.145228,24,1.112,24.0468,288.384,0.0021642772,0.37476802,29.465082,104.07284,0.021715748,0,287.04329
SpMV,125000,156250,1e-05,0.0714285,4.375,8.040638e-05,0.00625486,3.8865,54.4112,8,3.2,0.13735163,24,1.112,24.0468,288.384,0.0045384564,0.77404585,17.836535,129.11975,0.01771668,0,287.04329
SpMV,150000,225000,1e-05,0.0789473,5.7,9.43108e-05,0.00778074,4.7715,60.4385,8,3.2,0.14006608,24,1.112,24.0468,288.384,0.0065657149,1.1015155,18.182405,127.472,0.014364133,0,287.04329
SpMV,200000,400000,1e-05,0.090909,8.8,0.00012912852,0.00978512,6.1954,68.1492,8,3.2,1.2159124,24,1.112,24.0468,288.384,0.010393967,1.6773151,33.65654,109.00374,0.012423411,0,287.04329
SpMV,250000,625000,1e-05,0.1,12.5,0.00027475682,0.0178784,4.5495,45.4948,8,3.2,0.14709225,24,1.112,24.0468,288.384,0.019290446,3.1666282,19.892,135.832,0.014243155,0,287.04329
SpMV,300000,900000,1e-05,0.107143,16.8,0.0004138165,0.0271667,4.3498,40.5977,8,3.2,0.1493395,24,1.112,24.0468,288.384,0.028521241,4.6067009,19.666825,132.8695,0.014509064,0,287.04329
SpMV,400000,1600000,1e-05,0.117647,27.2,0.00074707496,0.0483983,4.2834,36.4087,8,3.2,1.5647805,24,1.112,24.0468,288.384,0.003957745,0.68718195,41.52065,113.05837,0.18876278,0,287.04329
SpMV,500000,2500000,1e-05,0.125,40,0.0014106929,0.0846653,3.5444,28.3549,8,3.2,0.150801,24,1.112,24.0468,288.384,0.0075498303,1.306483,22.117967,147.13267,0.18685095,0,287.04329
SpMV,1000000,10000000,1e-05,0.142857,140,0.004346068,0.335208,4.6019,32.213,8,3.2,0.15772667,24,1.112,24.0468,288.384,0.035582853,5.9811337,22.355167,142.32033,0.12213939,0,287.04329
SpMV,2000000,40000000,1e-05,0.153846,520,0.015866489,1.28739,5.0421,32.7735,8,3.2,0.1595675,24,1.112,24.0468,288.384,0.01774859,3.1313435,23.9684,150.1715,0.89395774,0,287.04329
SpMV,5000000,250000000,1e-05,0.16129,3100,0.093113421,7.52364,5.3698,33.2927,8,3.2,0.16129,24,1.112,24.0468,288.384,0.022162,3.75052,22.5611,139.879,4.20149,0,287.04329
SpMV,10000000,1000000000,1e-05,0.163934,12200,0.36623602,29.8292,5.461,33.3119,8,3.2,0.163934,24,1.112,24.0468,288.384,0.0806244,14.0544,24.8064,151.319,4.542496,0,287.04329
FFT,16384,0,0,4.37473,0.2622,3.4340339e-05,0.00242388,33.3975,7.6342,8,3.2,684.85236,24,1.112,24.0468,288.384,22.464973,2808.4968,110.55435,2.9672695,1.528617e-06,0,287.04329
FFT,24000,0,0,4.54692,0.384,6.646303e-05,0.00465513,26.2716,5.7779,8,3.2,4.54692,24,1.112,24.0468,288.384,4.41078e-05,0.00392824,39.5868,8.7063,1.5068317,1,287.04329
FFT,32768,0,0,4.68736,0.5243,5.450785e-05,0.0040222,45.0871,9.6189,8,3.2,4.68736,24,1.112,24.0468,288.384,5.31416e-05,0.00544762,46.2462,9.86616,1.0257096,0,287.04329
FFT,48000,0,0,4.85951,0.768,9.769711e-05,0.00797239,38.2015,7.8612,8,3.2,4.85951,24,1.112,24.0468,288.384,5.86713e-05,0.00645158,63.6117,13.0902,1.6651601,0,287.04329
FFT,65536,0,0,4.99992,1.0486,9.750655e-05,0.00823851,53.7695,10.7541,8,3.2,4.99992,24,1.112,24.0468,288.384,5.54251e-05,0.00588468,94.5939,18.9191,1.759249,1,287.04329
FFT,100000,0,0,5.19046,1.6,0.00019438585,0.0154834,42.7234,8.2311,8,3.2,1.145228,24,1.112,24.0468,288.384,0.0021642772,0.37476802,29.465082,104.07284,0.089815596,0,287.04329
FFT,131072,0,0,5.31246,2.0972,0.00018433658,0.015371,60.439,11.3768,8,3.2,5.31246,24,1.112,24.0468,288.384,9.75757e-05,0.0107697,114.179,21.4927,1.8891648,1,287.04329
FFT,200000,0,0,5.50299,3.2,0.00036894923,0.0305974,47.7292,8.6733,8,3.2,1.2159124,24,1.112,24.0468,288.384,0.010393967,1.6773151,33.65654,109.00374,0.035496479,0,287.04329
FFT,262144,0,0,5.62498,4.1943,0.00035945502,0.0311681,65.6354,11.6686,8,3.2,5.62498,24,1.112,24.0468,288.384,0.000192364,0.0231379,122.648,21.8041,1.868619,0,287.04329
FFT,400000,0,0,5.8155,6.4,0.00077332219,0.0642522,48.1291,8.276,8,3.2,1.5647805,24,1.112,24.0468,288.384,0.003957745,0.68718195,41.52065,113.05837,0.19539465,0,287.04329
FFT,524288,0,0,5.93749,8.3886,0.00074463164,0.0649632,66.8886,11.2655,8,3.2,5.93749,24,1.112,24.0468,288.384,0.00038999,0.0486417,127.714,21.5098,1.9093609,1,287.04329
FFT,800000,0,0,6.128,12.8,0.0015146141,0.127246,51.7878,8.451,8,3.2,6.128,24,1.112,24.0468,288.384,0.000723228,0.0924569,108.456,17.6985,2.0942416,0,287.04329
FFT,1048576,0,0,6.24999,16.7772,0.0015991176,0.137328,65.5722,10.4916,8,3.2,6.24999,24,1.112,24.0468,288.384,0.000768862,0.101658,136.38,21.8209,2.07985,0,287.04329
FFT,1600000,0,0,6.44051,25.6,0.0048682722,0.344079,33.8677,5.2585,8,3.2,6.44051,24,1.112,24.0468,288.384,0.00134152,0.193013,122.903,19.0828,3.6289226,0,287.04329
FFT,2097152,0,0,6.5625,33.5544,0.009536255,0.656126,23.0909,3.5186,8,3.2,6.5625,24,1.112,24.0468,288.384,0.00147009,0.202281,149.787,22.8248,6.4868511,0,287.04329
FFT,3000000,0,0,6.72391,48,0.012826792,0.914646,25.162,3.7422,8,3.2,6.72391,24,1.112,24.0468,288.384,0.00294057,0.417231,109.757,16.3233,4.3620088,0,287.04329
FFT,3200000,0,0,6.75301,51.2,0.013211697,0.959287,26.1703,3.8754,8,3.2,6.75301,24,1.112,24.0468,288.384,0.00288088,0.392353,120.017,17.7723,4.5859934,0,287.04329
FFT,4194304,0,0,6.875,67.1089,0.028399927,1.9276,16.2456,2.363,8,3.2,6.875,24,1.112,24.0468,288.384,0.00292522,0.396656,157.723,22.9415,9.7086466,0,287.04329
FFT,6000000,0,0,7.03641,96,0.02874972,1.90255,23.4957,3.3392,8,3.2,7.03641,24,1.112,24.0468,288.384,0.00581424,0.803513,116.18,16.5112,4.9447082,0,287.04329
FFT,6400000,0,0,7.06551,102.4,0.030103554,2.1387,24.034,3.4016,8,3.2,7.06551,24,1.112,24.0468,288.384,0.00541899,0.772385,133.513,18.8965,5.5551964,0,287.04329
FFT,8388608,0,0,7.1875,134.2177,0.077170843,5.11685,12.5007,1.7392,8,3.2,7.1875,24,1.112,24.0468,288.384,0.00567426,0.796491,170.012,23.6538,13.60016,0,287.04329
FFT,12000000,0,0,7.34892,192,0.057736079,4.11413,24.4387,3.3255,8,3.2,7.34892,24,1.112,24.0468,288.384,0.0117434,1.63836,120.152,16.3497,4.9164704,0,287.04329
FFT,12800000,0,0,7.37801,204.8,0.060467437,4.33867,24.9889,3.3869,8,3.2,7.37801,24,1.112,24.0468,288.384,0.0107729,1.52701,140.261,19.0106,5.612921,0,287.04329
FFT,16777216,0,0,7.5,268.4355,0.1719536,10.8823,11.7082,1.5611,8,3.2,7.5,24,1.112,24.0468,288.384,0.0109682,1.54302,183.556,24.4741,15.677468,1,287.04329
FFT,25000000,0,0,7.67982,400,0.11697866,9.11159,26.2606,3.4194,8,3.2,7.67982,24,1.112,24.0468,288.384,0.0240498,3.36435,127.732,16.6321,4.864018,0,287.04329
FFT,33554432,0,0,7.8125,536.8709,0.34763368,22.0778,12.0653,1.5444,8,3.2,7.8125,24,1.112,24.0468,288.384,0.0214439,3.06443,195.594,25.036,16.211308,0,287.04329
FFT,50000000,0,0,7.99232,800,0.24378619,18.852,26.2273,3.2816,8,3.2,7.99232,24,1.112,24.0468,288.384,0.0488895,6.8855,130.782,16.3634,4.9864733,0,287.04329
FFT,67108864,0,0,8.125,1073.7418,0.6705502,42.6352,13.0104,1.6013,8,3.2,8.125,24,1.112,24.0468,288.384,0.049234,7.11625,177.198,21.809,13.619657,0,287.04329
GEMM,1024,0,0,85.3333,25.1658,0.017665518,0.964322,121.5636,1.4246,16,3.2,85.3333,24,1.112,24.0468,288.384,0.0144698,1.76946,148.411,1.73919,1.2208543,1,185.92481
GEMM,1152,0,0,96,31.8505,0.019743292,1.48104,154.8702,1.6132,16,3.2,96,24,1.112,24.0468,288.384,0.0188809,2.16274,161.944,1.68691,1.0456754,0,185.92481
GEMM,1280,0,0,106.667,39.3216,0.032836782,2.05096,127.7319,1.1975,16,3.2,106.667,24,1.112,24.0468,288.384,0.0253834,3.29951,165.238,1.5491,1.2936321,1,185.92481
GEMM,1408,0,0,117.333,47.5791,0.030154703,2.561,185.1326,1.5778,16,3.2,117.333,24,1.112,24.0468,288.384,0.0321002,3.41919,173.912,1.48221,0.93939299,0,185.92481
GEMM,1536,0,0,128,56.6231,0.047358803,3.46578,153.0393,1.1956,16,3.2,128,24,1.112,24.0468,288.384,0.0375119,4.58638,193.212,1.50947,1.2625008,1,185.92481
GEMM,1664,0,0,138.667,66.4535,0.044786394,4.04528,205.7519,1.4838,16,3.2,138.667,24,1.112,24.0468,288.384,0.049558,5.61634,185.941,1.34092,0.90371674,0,185.92481
GEMM,1792,0,0,149.333,77.0703,0.065686392,5.10414,175.2139,1.1733,16,3.2,149.333,24,1.112,24.0468,288.384,0.0640162,7.05879,179.785,1.20392,1.0260902,0,185.92481
GEMM,1920,0,0,160,88.4736,0.077512462,6.29573,182.6258,1.1414,16,3.2,160,24,1.112,24.0468,288.384,0.0765134,8.50078,185.011,1.15632,1.0130573,0,185.92481
GEMM,2048,0,0,170.667,100.6633,0.068696281,7.32646,250.0844,1.4653,16,3.2,170.667,24,1.112,24.0468,288.384,0.0901351,11.0393,190.601,1.11681,0.76214794,0,185.92481
GEMM,2304,0,0,192,127.402,0.093512961,11.5442,261.5806,1.3624,16,3.2,192,24,1.112,24.0468,288.384,0.128224,14.8497,190.769,0.993589,0.72929374,0,185.92481
GEMM,2560,0,0,213.333,157.2864,0.12749214,16.054,263.1882,1.2337,16,3.2,213.333,24,1.112,24.0468,288.384,0.173144,20.292,193.795,0.908416,0.73633589,0,185.92481
GEMM,2816,0,0,234.667,190.3165,0.1573747,21.8163,283.7873,1.2093,16,3.2,234.667,24,1.112,24.0468,288.384,0.233568,26.5436,191.211,0.814821,0.67378538,0,185.92481
GEMM,3072,0,0,256,226.4924,0.21076214,28.8302,275.1066,1.0746,16,3.2,256,24,1.112,24.0468,288.384,0.298694,34.1896,194.118,0.758275,0.70561224,0,185.92481
GEMM,3328,0,0,277.333,265.814,0.25699396,36.062,286.8514,1.0343,16,3.2,277.333,24,1.112,24.0468,288.384,0.381412,43.7098,193.279,0.69692,0.6737962,0,185.92481
GEMM,3584,0,0,298.667,308.2813,0.32153946,45.1912,286.3517,0.9588,16,3.2,298.667,24,1.112,24.0468,288.384,0.470553,54.3094,195.67,0.655147,0.68332251,0,185.92481
GEMM,3840,0,0,320,353.8944,0.39125927,55.2773,289.4403,0.9045,16,3.2,320,24,1.112,24.0468,288.384,0.580408,67.3866,195.115,0.609734,0.67411075,0,185.92481
GEMM,4096,0,0,341.333,402.6532,0.51150874,70.3279,268.6933,0.7872,16,3.2,341.333,24,1.112,24.0468,288.384,0.700908,81.7401,196.087,0.574473,0.72978015,0,185.92481
GEMM,4608,0,0,384,509.6079,0.6862966,96.7734,285.1383,0.7425,16,3.2,384,24,1.112,24.0468,288.384,1.00557,116.971,194.606,0.506787,0.6824951,0,185.92481
GEMM,5120,0,0,426.667,629.1456,0.93500187,132.592,287.0962,0.6729,16,3.2,426.667,24,1.112,24.0468,288.384,1.37172,159.886,195.692,0.458654,0.68162735,0,185.92481
GEMM,5632,0,0,469.333,761.2662,1.2341171,175.773,289.5087,0.6169,16,3.2,469.333,24,1.112,24.0468,288.384,1.82764,214.703,195.491,0.41653,0.67525176,0,185.92481
GEMM,6144,0,0,512,905.9697,1.6746253,235.343,276.9912,0.541,16,3.2,512,24,1.112,24.0468,288.384,2.37266,280.021,195.5,0.381836,0.70580077,0,185.92481
GEMM,6656,0,0,554.667,1063.2561,2.0266949,290.387,290.9923,0.5246,16,3.2,554.667,24,1.112,24.0468,288.384,3.02115,359.659,195.208,0.351937,0.67083559,0,185.92481
GEMM,7168,0,0,597.333,1233.1254,2.5551532,364.874,288.275,0.4826,16,3.2,597.333,24,1.112,24.0468,288.384,3.76794,451.996,195.488,0.327268,0.67813001,0,185.92481
GEMM,7680,0,0,640,1415.5776,3.1228566,448.441,290.1093,0.4533,16,3.2,640,24,1.112,24.0468,288.384,4.62937,561.105,195.701,0.305782,0.67457486,0,185.92481
GEMM,8192,0,0,682.667,1610.6127,3.9763243,561.898,276.5146,0.4051,16,3.2,682.667,24,1.112,24.0468,288.384,5.62099,688.752,195.608,0.286536,0.70740641,0,185.92481
GEMM,9216,0,0,768,2038.4317,5.4169159,777.821,289.005,0.3763,16,3.2,768,24,1.112,24.0468,288.384,8.00662,989.779,195.528,0.254593,0.67655464,0,185.92481
GEMM,10240,0,0,853.333,2516.5824,7.5587557,1080.22,284.1054,0.3329,16,3.2,853.333,24,1.112,24.0468,288.384,10.9842,1362.22,195.506,0.229108,0.68814804,0,185.92481
GEMM,11264,0,0,938.667,3045.0647,9.8020833,1414.27,291.6014,0.3107,16,3.2,938.667,24,1.112,24.0468,288.384,14.6038,1806.56,195.722,0.208511,0.67120087,0,185.92481
GEMM,12288,0,0,1024,3623.8787,13.364373,1897.23,277.6675,0.2712,16,3.2,1024,24,1.112,24.0468,288.384,18.9585,2340.26,195.736,0.191148,0.70492776,0,185.92481
GEMM,13312,0,0,1109.33,4253.0243,16.164967,2335.03,291.8671,0.2631,16,3.2,1109.33,24,1.112,24.0468,288.384,24.1059,2994.91,195.721,0.176431,0.67058136,0,185.92481
GEMM,14336,0,0,1194.67,4932.5015,20.46924,2943.78,287.8805,0.241,16,3.2,1194.67,24,1.112,24.0468,288.384,30.093,3736.03,195.816,0.163909,0.68019939,0,185.92481
GEMM,15360,0,0,1280,5662.3104,24.890813,3589.08,291.182,0.2275,16,3.2,1280,24,1.112,24.0468,288.384,37.0134,4618.08,195.814,0.15298,0.67248112,0,185.92481
GEMM,16384,0,0,1365.33,6442.4509,32.31472,4555.61,272.2008,0.1994,16,3.2,684.85236,24,1.112,24.0468,288.384,22.464973,2808.4968,110.55435,2.9672695,1.4384491,1,185.92481
SpMV,1000,10000,0.01,0.142853,0.14,4.685314e-06,0.000441161,4.2687,29.8815,16,3.2,0.0825824,24,1.112,24.0468,288.384,1.331585e-05,0.0016288625,0.4794285,4.3792,0.35185993,0,185.92481
SpMV,2000,40000,0.01,0.153845,0.52,7.203497e-06,0.000674009,11.1057,72.1877,16,3.2,0.09243555,24,1.112,24.0468,288.384,1.492145e-05,0.0016888375,1.646911,12.565508,0.48276119,0,185.92481
SpMV,5000,250000,0.01,0.16129,3.1,2.4192758e-05,0.00246197,20.6673,128.1377,16,3.2,0.10282145,24,1.112,24.0468,288.384,2.34829e-05,0.00255208,3.8570982,28.387463,1.0302287,0,185.92481
SpMV,10000,1000000,0.01,0.163934,12.2,7.9939136e-05,0.00846061,25.019,152.6162,16,3.2,0.10794735,24,1.112,24.0468,288.384,4.10326e-05,0.0056353775,7.3921275,52.8825,1.948186,0,185.92481
SpMV,12500,1562500,0.01,0.164474,19,0.00015673625,0.016319,19.938,121.2228,16,3.2,0.11136507,24,1.112,24.0468,288.384,5.37083e-05,0.0078031375,8.60267,61.5024,2.9182874,0,185.92481
SpMV,15000,2250000,0.01,0.164835,27.3,0.00017586632,0.0194199,25.5876,155.2316,16,3.2,0.11407033,24,1.112,24.0468,288.384,6.8771225e-05,0.010623585,9.5970425,68.73525,2.557266,0,185.92481
SpMV,60000,36000000,0.01,0.166205,433.2,0.01162274,1.15908,6.1948,37.2718,16,3.2,0.13032547,24,1.112,24.0468,288.384,0.0010056245,0.15598552,14.561618,106.5183,11.557735,0,185.92481
SpMV,75000,56250000,0.01,0.166297,676.5,0.018071706,1.82064,6.2252,37.4342,16,3.2,0.13205097,24,1.112,24.0468,288.384,0.0016545889,0.24048425,15.442243,114.4165,10.922173,0,185.92481
SpMV,100000,100000000,0.01,0.166389,1202,0.032134492,3.23218,6.2238,37.4053,16,3.2,1.145228,24,1.112,24.0468,288.384,0.0021642772,0.37476802,29.465082,104.07284,14.847678,0,185.92481
SpMV,125000,156250000,0.01,0.166445,1877.5,0.05014693,5.07598,6.2317,37.44,16,3.2,0.13735163,24,1.112,24.0468,288.384,0.0045384564,0.77404585,17.836535,129.11975,11.049336,0,185.92481
SpMV,150000,225000000,0.01,0.166482,2703,0.072454083,7.32018,6.2108,37.3064,16,3.2,0.14006608,24,1.112,24.0468,288.384,0.0065657149,1.1015155,18.182405,127.472,11.035216,0,185.92481
SpMV,200000,400000000,0.01,0.166528,4804,0.13611651,13.3448,5.8773,35.2933,16,3.2,1.2159124,24,1.112,24.0468,288.384,0.010393967,1.6773151,33.65654,109.00374,13.095723,0,185.92481
SpMV,250000,625000000,0.01,0.166556,7505,0.22775028,22.0239,5.4885,32.9528,16,3.2,0.14709225,24,1.112,24.0468,288.384,0.019290446,3.1666282,19.892,135.832,11.806377,0,185.92481
SpMV,300000,900000000,0.01,0.166574,10806,0.35956879,33.8179,5.006,30.0527,16,3.2,0.1493395,24,1.112,24.0468,288.384,0.028521241,4.6067009,19.666825,132.8695,12.607053,1,185.92481
SpMV,1000,1000,0.001,0.0624922,0.032,3.877161e-06,0.000280638,0.5158,8.2545,16,3.2,0.0825824,24,1.112,24.0468,288.384,1.331585e-05,0.0016288625,0.4794285,4.3792,0.29116887,0,185.92481
SpMV,2000,4000,0.001,0.090905,0.088,4.256854e-06,0.000283507,1.8793,20.6735,16,3.2,0.09243555,24,1.112,24.0468,288.384,1.492145e-05,0.0016888375,1.646911,12.565508,0.2852842,0,185.92481
SpMV,5000,25000,0.001,0.124999,0.4,7.440622e-06,0.000602171,6.7199,53.7595,16,3.2,0.10282145,24,1.112,24.0468,288.384,2.34829e-05,0.00255208,3.8570982,28.387463,0.31685277,0,185.92481
SpMV,10000,100000,0.001,0.142857,1.4,1.6827196e-05,0.00143194,11.8855,83.1989,16,3.2,0.10794735,24,1.112,24.0468,288.384,4.10326e-05,0.0056353775,7.3921275,52.8825,0.41009334,0,185.92481
SpMV,12500,156250,0.001,0.147059,2.125,2.5066218e-05,0.00221276,12.467,84.7756,16,3.2,0.11136507,24,1.112,24.0468,288.384,5.37083e-05,0.0078031375,8.60267,61.5024,0.46671032,0,185.92481
SpMV,15000,225000,0.001,0.15,3,3.5051817e-05,0.00316003,12.8381,85.5877,16,3.2,0.11407033,24,1.112,24.0468,288.384,6.8771225e-05,0.010623585,9.5970425,68.73525,0.50968726,0,185.92481
SpMV,60000,3600000,0.001,0.162162,44.4,0.0006909513,0.0547276,10.4204,64.2592,16,3.2,0.13032547,24,1.112,24.0468,288.384,0.0010056245,0.15598552,14.561618,106.5183,0.68708681,0,185.92481
SpMV,75000,5625000,0.001,0.163043,69,0.0015459523,0.126242,7.2771,44.6327,16,3.2,0.13205097,24,1.112,24.0468,288.384,0.0016545889,0.24048425,15.442243,114.4165,0.93434221,0,185.92481
SpMV,100000,10000000,0.001,0.163934,122,0.0032935811,0.303794,6.0724,37.0417,16,3.2,1.145228,24,1.112,24.0468,288.384,0.0021642772,0.37476802,29.465082,104.07284,1.5217926,0,185.92481
SpMV,125000,15625000,0.001,0.164474,190,0.005136037,0.478923,6.0845,36.9935,16,3.2,0.13735163,24,1.112,24.0468,288.384,0.0045384564,0.77404585,17.836535,129.11975,1.1316705,0,185.92481
SpMV,150000,22500000,0.001,0.164835,273,0.0073482615,0.700141,6.1239,37.1516,16,3.2,0.14006608,24,1.112,24.0468,288.384,0.0065657149,1.1015155,18.182405,127.472,1.1191868,0,185.92481
SpMV,200000,40000000,0.001,0.165289,484,0.012976461,1.24786,6.165,37.2983,16,3.2,1.2159124,24,1.112,24.0468,288.384,0.010393967,1.6773151,33.65654,109.00374,1.2484609,0,185.92481
SpMV,250000,62500000,0.001,0.165563,755,0.020237819,1.96063,6.1766,37.3064,16,3.2,0.14709225,24,1.112,24.0468,288.384,0.019290446,3.1666282,19.892,135.832,1.049111,0,185.92481
SpMV,300000,90000000,0.001,0.165746,1086,0.029087044,2.84696,6.1883,37.3362,16,3.2,0.1493395,24,1.112,24.0468,288.384,0.028521241,4.6067009,19.666825,132.8695,1.0198379,0,185.92481
SpMV,400000,160000000,0.001,0.165975,1928,0.051632019,5.0721,6.1977,37.3412,16,3.2,1.5647805,24,1.112,24.0468,288.384,0.003957745,0.68718195,41.52065,113.05837,13.045817,0,185.92481
SpMV,500000,250000000,0.001,0.166113,3010,0.080492724,7.99164,6.2117,37.3947,16,3.2,0.150801,24,1.112,24.0468,288.384,0.0075498303,1.306483,22.117967,147.13267,10.661528,0,185.92481
SpMV,1000000,1000000000,0.001,0.166389,12020,0.3255487,32.0572,6.1435,36.9223,16,3.2,0.15772667,24,1.112,24.0468,288.384,0.035582853,5.9811337,22.355167,142.32033,9.1490332,0,185.92481
SpMV,1000,1000,0.0001,0.0624922,0.032,3.814532e-06,0.000280273,0.5243,8.39,16,3.2,0.0825824,24,1.112,24.0468,288.384,1.331585e-05,0.0016288625,0.4794285,4.3792,0.28646553,0,185.92481
SpMV,2000,2000,0.0001,0.0624961,0.064,4.106491e-06,0.000282837,0.9741,15.5861,16,3.2,0.09243555,24,1.112,24.0468,288.384,1.492145e-05,0.0016888375,1.646911,12.565508,0.27520724,0,185.92481
SpMV,5000,5000,0.0001,0.0624984,0.16,4.868953e-06,0.000364318,2.0538,32.8621,16,3.2,0.10282145,24,1.112,24.0468,288.384,2.34829e-05,0.00255208,3.8570982,28.387463,0.20734036,0,185.92481
SpMV,10000,10000,0.0001,0.0624992,0.32,6.235457e-06,0.000446532,3.2075,51.3201,16,3.2,0.10794735,24,1.112,24.0468,288.384,4.10326e-05,0.0056353775,7.3921275,52.8825,0.15196349,0,185.92481
SpMV,12500,15625,0.0001,0.0714279,0.4375,8.156527e-06,0.000606993,3.8313,53.6385,16,3.2,0.11136507,24,1.112,24.0468,288.384,5.37083e-05,0.0078031375,8.60267,61.5024,0.15186716,0,185.92481
SpMV,15000,22500,0.0001,0.0789468,0.57,9.33787e-06,0.000755857,4.8191,61.0422,16,3.2,0.11407033,24,1.112,24.0468,288.384,6.8771225e-05,0.010623585,9.5970425,68.73525,0.13578164,0,185.92481
SpMV,60000,360000,0.0001,0.130435,5.52,6.515028e-05,0.0050476,11.0514,84.7272,16,3.2,0.13032547,24,1.112,24.0468,288.384,0.0010056245,0.15598552,14.561618,106.5183,0.064785895,0,185.92481
SpMV,75000,562500,0.0001,0.136364,8.25,0.00012960346,0.0105054,8.6803,63.6557,16,3.2,0.13205097,24,1.112,24.0468,288.384,0.0016545889,0.24048425,15.442243,114.4165,0.078329702,0,185.92481
SpMV,100000,1000000,0.0001,0.142857,14,0.00015424098,0.012998,12.9667,90.7671,16,3.2,1.145228,24,1.112,24.0468,288.384,0.0021642772,0.37476802,29.465082,104.07284,0.071266738,0,185.92481
SpMV,125000,1562500,0.0001,0.147059,21.25,0.00038479986,0.026361,8.1211,55.2235,16,3.2,0.13735163,24,1.112,24.0468,288.384,0.0045384564,0.77404585,17.836535,129.11975,0.084786506,0,185.92481
SpMV,150000,2250000,0.0001,0.15,30,0.0005832435,0.039873,7.7155,51.4365,16,3.2,0.14006608,24,1.112,24.0468,288.384,0.0065657149,1.1015155,18.182405,127.472,0.088831682,0,185.92481
SpMV,200000,4000000,0.0001,0.153846,52,0.00092873626,0.0681346,8.6139,55.9901,16,3.2,1.2159124,24,1.112,24.0468,288.384,0.010393967,1.6773151,33.65654,109.00374,0.089353398,0,185.92481
SpMV,250000,6250000,0.0001,0.15625,80,0.0020462444,0.187865,6.1088,39.096,16,3.2,0.14709225,24,1.112,24.0468,288.384,0.019290446,3.1666282,19.892,135.832,0.10607553,0,185.92481
SpMV,300000,9000000,0.0001,0.157895,114,0.0031097532,0.285279,5.7882,36.6589,16,3.2,0.1493395,24,1.112,24.0468,288.384,0.028521241,4.6067009,19.666825,132.8695,0.10903288,0,185.92481
SpMV,400000,16000000,0.0001,0.16,200,0.0054418478,0.503711,5.8804,36.7522,16,3.2,1.5647805,24,1.112,24.0468,288.384,0.003957745,0.68718195,41.52065,113.05837,1.374987,0,185.92481
SpMV,500000,25000000,0.0001,0.16129,310,0.0083971988,0.805873,5.9544,36.9171,16,3.2,0.150801,24,1.112,24.0468,288.384,0.0075498303,1.306483,22.117967,147.13267,1.1122368,0,185.92481
SpMV,1000000,100000000,0.0001,0.163934,1220,0.03275002,3.15694,6.1069,37.2519,16,3.2,0.15772667,24,1.112,24.0468,288.384,0.035582853,5.9811337,22.355167,142.32033,0.9203877,0,185.92481
SpMV,2000000,400000000,0.0001,0.165289,4840,0.12951674,12.37,6.1768,37.3697,16,3.2,0.1595675,24,1.112,24.0468,288.384,0.01774859,3.1313435,23.9684,150.1715,7.2972973,0,185.92481
SpMV,1000,1000,1e-05,0.0624922,0.032,3.799325e-06,0.000311828,0.5264,8.4236,16,3.2,0.0825824,24,1.112,24.0468,288.384,1.331585e-05,0.0016288625,0.4794285,4.3792,0.28532351,0,185.92481
SpMV,2000,2000,1e-05,0.0624961,0.064,4.033714e-06,0.000318847,0.9916,15.8673,16,3.2,0.09243555,24,1.112,24.0468,288.384,1.492145e-05,0.0016888375,1.646911,12.565508,0.27032989,0,185.92481
SpMV,5000,5000,1e-05,0.0624984,0.16,4.707894e-06,0.000403442,2.1241,33.9863,16,3.2,0.10282145,24,1.112,24.0468,288.384,2.34829e-05,0.00255208,3.8570982,28.387463,0.2004818,0,185.92481
SpMV,10000,10000,1e-05,0.0624992,0.32,5.758767e-06,0.000504211,3.473,55.5681,16,3.2,0.10794735,24,1.112,24.0468,288.384,4.10326e-05,0.0056353775,7.3921275,52.8825,0.14034614,0,185.92481
SpMV,12500,12500,1e-05,0.0624994,0.4,6.403576e-06,0.000519591,3.9041,62.4657,16,3.2,0.11136507,24,1.112,24.0468,288.384,5.37083e-05,0.0078031375,8.60267,61.5024,0.1192288,0,185.92481
SpMV,15000,15000,1e-05,0.0624995,0.48,7.093673e-06,0.00061627,4.2291,67.6665,16,3.2,0.11407033,24,1.112,24.0468,288.384,6.8771225e-05,0.010623585,9.5970425,68.73525,0.10314885,0,185.92481
SpMV,60000,60000,1e-05,0.0624999,1.92,1.836566e-05,0.00182738,6.5339,104.5432,16,3.2,0.13032547,24,1.112,24.0468,288.384,0.0010056245,0.15598552,14.561618,106.5183,0.018262941,0,185.92481
SpMV,75000,75000,1e-05,0.0624999,2.4,2.163512e-05,0.0019226,6.9332,110.9309,16,3.2,0.13205097,24,1.112,24.0468,288.384,0.0016545889,0.24048425,15.442243,114.4165,0.013075828,0,185.92481
SpMV,100000,100000,1e-05,0.0624999,3.2,2.793972e-05,0.00337034,7.1583,114.5324,16,3.2,1.145228,24,1.112,24.0468,288.384,0.0021642772,0.37476802,29.465082,104.07284,0.012909492,0,185.92481
SpMV,125000,156250,1e-05,0.0714285,4.375,4.67177e-05,0.00382812,6.6891,93.6477,16,3.2,0.13735163,24,1.112,24.0468,288.384,0.0045384564,0.77404585,17.836535,129.11975,0.010293742,0,185.92481
SpMV,150000,225000,1e-05,0.0789473,5.7,5.546934e-05,0.00595336,8.1126,102.7595,16,3.2,0.14006608,24,1.112,24.0468,288.384,0.0065657149,1.1015155,18.182405,127.472,0.0084483321,0,185.92481
SpMV,200000,400000,1e-05,0.090909,8.8,9.168446e-05,0.00833494,8.7256,95.9814,16,3.2,1.2159124,24,1.112,24.0468,288.384,0.010393967,1.6773151,33.65654,109.00374,0.0088209306,0,185.92481
SpMV,250000,625000,1e-05,0.1,12.5,0.00014256702,0.0116821,8.7678,87.6781,16,3.2,0.14709225,24,1.112,24.0468,288.384,0.019290446,3.1666282,19.892,135.832,0.0073905507,0,185.92481
SpMV,300000,900000,1e-05,0.107143,16.8,0.00025447978,0.0170776,7.0733,66.017,16,3.2,0.1493395,24,1.112,24.0468,288.384,0.028521241,4.6067009,19.666825,132.8695,0.0089224652,0,185.92481
SpMV,400000,1600000,1e-05,0.117647,27.2,0.0005653749,0.0374279,5.66,48.1097,16,3.2,1.5647805,24,1.112,24.0468,288.384,0.003957745,0.68718195,41.52065,113.05837,0.14285279,0,185.92481
SpMV,500000,2500000,1e-05,0.125,40,0.00077510902,0.0528233,6.4507,51.6056,16,3.2,0.150801,24,1.112,24.0468,288.384,0.0075498303,1.306483,22.117967,147.13267,0.10266575,0,185.92481
SpMV,1000000,10000000,1e-05,0.142857,140,0.0039029216,0.358792,5.1244,35.8706,16,3.2,0.15772667,24,1.112,24.0468,288.384,0.035582853,5.9811337,22.355167,142.32033,0.10968546,0,185.92481
SpMV,2000000,40000000,1e-05,0.153846,520,0.014258723,1.3897,5.6106,36.4689,16,3.2,0.1595675,24,1.112,24.0468,288.384,0.01774859,3.1313435,23.9684,150.1715,0.80337213,0,185.92481
SpMV,5000000,250000000,1e-05,0.16129,3100,0.083578534,8.0887,5.9824,37.0909,16,3.2,0.16129,24,1.112,24.0468,288.384,0.022162,3.75052,22.5611,139.879,3.7712542,0,185.92481
SpMV,10000000,1000000000,1e-05,0.163934,12200,0.32689219,32.0945,6.1182,37.3212,16,3.2,0.163934,24,1.112,24.0468,288.384,0.0806244,14.0544,24.8064,151.319,4.0545069,0,185.92481
FFT,16384,0,0,4.37473,0.2622,2.9626388e-05,0.00264208,38.7114,8.8489,16,3.2,684.85236,24,1.112,24.0468,288.384,22.464973,2808.4968,110.55435,2.9672695,1.3187814e-06,0,185.92481
FFT,24000,0,0,4.54692,0.384,6.784619e-05,0.00492735,25.736,5.6601,16,3.2,4.54692,24,1.112,24.0468,288.384,4.41078e-05,0.00392824,39.5868,8.7063,1.5381903,0,185.92481
FFT,32768,0,0,4.68736,0.5243,5.706124e-05,0.00510863,43.0695,9.1884,16,3.2,4.68736,24,1.112,24.0468,288.384,5.31416e-05,0.00544762,46.2462,9.86616,1.0737584,0,185.92481
FFT,48000,0,0,4.85951,0.768,9.374066e-05,0.00775144,39.8139,8.193,16,3.2,4.85951,24,1.112,24.0468,288.384,5.86713e-05,0.00645158,63.6117,13.0902,1.597726,0,185.92481
FFT,65536,0,0,4.99992,1.0486,9.461058e-05,0.00887876,55.4154,11.0832,16,3.2,4.99992,24,1.112,24.0468,288.384,5.54251e-05,0.00588468,94.5939,18.9191,1.7069988,0,185.92481
FFT,100000,0,0,5.19046,1.6,0.0001269453,0.0134863,65.4205,12.604,16,3.2,1.145228,24,1.112,24.0468,288.384,0.0021642772,0.37476802,29.465082,104.07284,0.058654824,0,185.92481
FFT,131072,0,0,5.31246,2.0972,0.00011000102,0.0124438,101.282,19.065,16,3.2,5.31246,24,1.112,24.0468,288.384,9.75757e-05,0.0107697,114.179,21.4927,1.1273403,0,185.92481
FFT,200000,0,0,5.50299,3.2,0.0002204795,0.0237951,79.8697,14.5139,16,3.2,1.2159124,24,1.112,24.0468,288.384,0.010393967,1.6773151,33.65654,109.00374,0.021212257,0,185.92481
FFT,262144,0,0,5.62498,4.1943,0.00020295297,0.0229553,116.2484,20.6665,16,3.2,5.62498,24,1.112,24.0468,288.384,0.000192364,0.0231379,122.648,21.8041,1.0550465,0,185.92481
FFT,400000,0,0,5.8155,6.4,0.00042847721,0.0472551,86.8641,14.9367,16,3.2,1.5647805,24,1.112,24.0468,288.384,0.003957745,0.68718195,41.52065,113.05837,0.10826297,0,185.92481
FFT,524288,0,0,5.93749,8.3886,0.00043507285,0.0460063,114.4805,19.281,16,3.2,5.93749,24,1.112,24.0468,288.384,0.00038999,0.0486417,127.714,21.5098,1.1156,0,185.92481
FFT,800000,0,0,6.128,12.8,0.00092744288,0.0911295,84.5751,13.8014,16,3.2,6.128,24,1.112,24.0468,288.384,0.000723228,0.0924569,108.456,17.6985,1.2823658,0,185.92481
FFT,1048576,0,0,6.24999,16.7772,0.00093418164,0.0988987,112.2454,17.9593,16,3.2,6.24999,24,1.112,24.0468,288.384,0.000768862,0.101658,136.38,21.8209,1.2150186,0,185.92481
FFT,1600000,0,0,6.44051,25.6,0.0036464026,0.258898,45.2164,7.0206,16,3.2,6.44051,24,1.112,24.0468,288.384,0.00134152,0.193013,122.903,19.0828,2.7181127,0,185.92481
FFT,2097152,0,0,6.5625,33.5544,0.0058231836,0.508446,37.8145,5.7622,16,3.2,6.5625,24,1.112,24.0468,288.384,0.00147009,0.202281,149.787,22.8248,3.9611069,0,185.92481
FFT,3000000,0,0,6.72391,48,0.0082556149,0.742283,39.0944,5.8142,16,3.2,6.72391,24,1.112,24.0468,288.384,0.00294057,0.417231,109.757,16.3233,2.807488,0,185.92481
FFT,3200000,0,0,6.75301,51.2,0.0089375021,0.811552,38.6858,5.7287,16,3.2,6.75301,24,1.112,24.0468,288.384,0.00288088,0.392353,120.017,17.7723,3.1023514,0,185.92481
FFT,4194304,0,0,6.875,67.1089,0.020927696,1.72202,22.0461,3.2067,16,3.2,6.875,24,1.112,24.0468,288.384,0.00292522,0.396656,157.723,22.9415,7.1542299,0,185.92481
FFT,6000000,0,0,7.03641,96,0.01914969,1.52165,35.2745,5.0131,16,3.2,7.03641,24,1.112,24.0468,288.384,0.00581424,0.803513,116.18,16.5112,3.2935843,0,185.92481
FFT,6400000,0,0,7.06551,102.4,0.01933289,1.76749,37.4237,5.2967,16,3.2,7.06551,24,1.112,24.0468,288.384,0.00541899,0.772385,133.513,18.8965,3.5676187,0,185.92481
FFT,8388608,0,0,7.1875,134.2177,0.048951911,3.78587,19.7069,2.7418,16,3.2,7.1875,24,1.112,24.0468,288.384,0.00567426,0.796491,170.012,23.6538,8.6270123,0,185.92481
FFT,12000000,0,0,7.34892,192,0.038250408,3.46949,36.8883,5.0196,16,3.2,7.34892,24,1.112,24.0468,288.384,0.0117434,1.63836,120.152,16.3497,3.2571835,0,185.92481
FFT,12800000,0,0,7.37801,204.8,0.042935392,3.52017,35.1928,4.77,16,3.2,7.37801,24,1.112,24.0468,288.384,0.0107729,1.52701,140.261,19.0106,3.9854999,0,185.92481
FFT,16777216,0,0,7.5,268.4355,0.10992776,6.93013,18.3144,2.4419,16,3.2,7.5,24,1.112,24.0468,288.384,0.0109682,1.54302,183.556,24.4741,10.022406,1,185.92481
FFT,25000000,0,0,7.67982,400,0.078928739,7.38383,38.9203,5.0679,16,3.2,7.67982,24,1.112,24.0468,288.384,0.0240498,3.36435,127.732,16.6321,3.2818876,1,185.92481
FFT,33554432,0,0,7.8125,536.8709,0.21964376,14.4029,19.0959,2.4443,16,3.2,7.8125,24,1.112,24.0468,288.384,0.0214439,3.06443,195.594,25.036,10.242715,1,185.92481
FFT,50000000,0,0,7.99232,800,0.16009111,15.5104,39.9389,4.9972,16,3.2,7.99232,24,1.112,24.0468,288.384,0.0488895,6.8855,130.782,16.3634,3.2745499,1,185.92481
FFT,67108864,0,0,8.125,1073.7418,0.43041808,28.97,20.269,2.4946,16,3.2,8.125,24,1.112,24.0468,288.384,0.049234,7.11625,177.198,21.809,8.7422935,1,185.92481
GEMM,1024,0,0,85.3333,25.1658,0.0099131975,0.414244,216.6288,2.5386,32,3.2,85.3333,24,1.112,24.0468,288.384,0.0144698,1.76946,148.411,1.73919,0.68509568,0,113.03811
GEMM,1152,0,0,96,31.8505,0.013089116,0.557677,233.6023,2.4334,32,3.2,96,24,1.112,24.0468,288.384,0.0188809,2.16274,161.944,1.68691,0.6932464,0,113.03811
GEMM,1280,0,0,106.667,39.3216,0.017885127,0.808561,234.5135,2.1986,32,3.2,106.667,24,1.112,24.0468,288.384,0.0253834,3.29951,165.238,1.5491,0.70459934,0,113.03811
GEMM,1408,0,0,117.333,47.5791,0.018236786,1.03201,306.1186,2.609,32,3.2,117.333,24,1.112,24.0468,288.384,0.0321002,3.41919,173.912,1.48221,0.56812063,0,113.03811
GEMM,1536,0,0,128,56.6231,0.021985469,1.34967,329.6613,2.5755,32,3.2,128,24,1.112,24.0468,288.384,0.0375119,4.58638,193.212,1.50947,0.58609317,0,113.03811
GEMM,1664,0,0,138.667,66.4535,0.029589504,1.6318,311.4241,2.2458,32,3.2,138.667,24,1.112,24.0468,288.384,0.049558,5.61634,185.941,1.34092,0.59706816,0,113.03811
GEMM,1792,0,0,149.333,77.0703,0.041959963,2.30746,274.2893,1.8368,32,3.2,149.333,24,1.112,24.0468,288.384,0.0640162,7.05879,179.785,1.20392,0.65545851,0,113.03811
GEMM,1920,0,0,160,88.4736,0.038573176,2.26507,366.985,2.2937,32,3.2,160,24,1.112,24.0468,288.384,0.0765134,8.50078,185.011,1.15632,0.50413621,0,113.03811
GEMM,2048,0,0,170.667,100.6633,0.043383109,3.13518,396.0036,2.3203,32,3.2,170.667,24,1.112,24.0468,288.384,0.0901351,11.0393,190.601,1.11681,0.48131204,0,113.03811
GEMM,2304,0,0,192,127.402,0.056323761,4.44408,434.2959,2.262,32,3.2,192,24,1.112,24.0468,288.384,0.128224,14.8497,190.769,0.993589,0.43926068,0,113.03811
GEMM,2560,0,0,213.333,157.2864,0.074021929,5.84306,453.3039,2.1249,32,3.2,213.333,24,1.112,24.0468,288.384,0.173144,20.292,193.795,0.908416,0.42751657,0,113.03811
GEMM,2816,0,0,234.667,190.3165,0.095303153,7.53581,468.6198,1.997,32,3.2,234.667,24,1.112,24.0468,288.384,0.233568,26.5436,191.211,0.814821,0.40803172,0,113.03811
GEMM,3072,0,0,256,226.4924,0.12469162,9.94767,465.0036,1.8164,32,3.2,256,24,1.112,24.0468,288.384,0.298694,34.1896,194.118,0.758275,0.41745607,0,113.03811
GEMM,3328,0,0,277.333,265.814,0.13844841,13.2287,532.4661,1.9199,32,3.2,277.333,24,1.112,24.0468,288.384,0.381412,43.7098,193.279,0.69692,0.36298912,0,113.03811
GEMM,3584,0,0,298.667,308.2813,0.16933733,16.3698,543.7275,1.8205,32,3.2,298.667,24,1.112,24.0468,288.384,0.470553,54.3094,195.67,0.655147,0.35986877,0,113.03811
GEMM,3840,0,0,320,353.8944,0.20532397,20.0368,551.5489,1.7236,32,3.2,320,24,1.112,24.0468,288.384,0.580408,67.3866,195.115,0.609734,0.353758,0,113.03811
GEMM,4096,0,0,341.333,402.6532,0.38099748,32.7419,360.7346,1.0568,32,3.2,341.333,24,1.112,24.0468,288.384,0.700908,81.7401,196.087,0.574473,0.54357701,0,113.03811
GEMM,4608,0,0,384,509.6079,0.38685616,36.5598,505.8455,1.3173,32,3.2,384,24,1.112,24.0468,288.384,1.00557,116.971,194.606,0.506787,0.3847133,0,113.03811
GEMM,5120,0,0,426.667,629.1456,0.5796198,53.269,463.1233,1.0854,32,3.2,426.667,24,1.112,24.0468,288.384,1.37172,159.886,195.692,0.458654,0.42254964,0,113.03811
GEMM,5632,0,0,469.333,761.2662,0.7844737,71.55,455.4488,0.9704,32,3.2,469.333,24,1.112,24.0468,288.384,1.82764,214.703,195.491,0.41653,0.42922769,0,113.03811
GEMM,6144,0,0,512,905.9697,1.2083168,105.684,383.8865,0.7498,32,3.2,512,24,1.112,24.0468,288.384,2.37266,280.021,195.5,0.381836,0.50926674,0,113.03811
GEMM,6656,0,0,554.667,1063.2561,1.2636338,115.111,466.7117,0.8414,32,3.2,554.667,24,1.112,24.0468,288.384,3.02115,359.659,195.208,0.351937,0.4182625,0,113.03811
GEMM,7168,0,0,597.333,1233.1254,1.6821997,149.347,437.8713,0.733,32,3.2,597.333,24,1.112,24.0468,288.384,3.76794,451.996,195.488,0.327268,0.44645075,0,113.03811
GEMM,7680,0,0,640,1415.5776,1.9374439,175.735,467.6108,0.7306,32,3.2,640,24,1.112,24.0468,288.384,4.62937,561.105,195.701,0.305782,0.41851134,0,113.03811
GEMM,8192,0,0,682.667,1610.6127,3.0482371,257.66,360.7041,0.5284,32,3.2,682.667,24,1.112,24.0468,288.384,5.62099,688.752,195.608,0.286536,0.54229541,0,113.03811
GEMM,9216,0,0,768,2038.4317,3.4370691,309.021,455.4798,0.5931,32,3.2,768,24,1.112,24.0468,288.384,8.00662,989.779,195.528,0.254593,0.42927841,0,113.03811
GEMM,10240,0,0,853.333,2516.5824,5.6160625,480.509,382.3824,0.4481,32,3.2,853.333,24,1.112,24.0468,288.384,10.9842,1362.22,195.506,0.229108,0.51128553,0,113.03811
GEMM,11264,0,0,938.667,3045.0647,6.4724743,575.654,441.6087,0.4705,32,3.2,938.667,24,1.112,24.0468,288.384,14.6038,1806.56,195.722,0.208511,0.4432048,0,113.03811
GEMM,12288,0,0,1024,3623.8787,7.0075745,680.614,529.5487,0.5171,32,3.2,1024,24,1.112,24.0468,288.384,18.9585,2340.26,195.736,0.191148,0.36962706,0,113.03811
GEMM,13312,0,0,1109.33,4253.0243,7.8443948,793.116,601.4513,0.5422,32,3.2,1109.33,24,1.112,24.0468,288.384,24.1059,2994.91,195.721,0.176431,0.32541389,0,113.03811
GEMM,14336,0,0,1194.67,4932.5015,14.349756,1248.72,410.6477,0.3437,32,3.2,1194.67,24,1.112,24.0468,288.384,30.093,3736.03,195.816,0.163909,0.47684699,0,113.03811
GEMM,15360,0,0,1280,5662.3104,13.780825,1306.58,525.9306,0.4109,32,3.2,1280,24,1.112,24.0468,288.384,37.0134,4618.08,195.814,0.15298,0.3723199,0,113.03811
GEMM,16384,0,0,1365.33,6442.4509,18.037224,1690.38,487.6634,0.3572,32,3.2,684.85236,24,1.112,24.0468,288.384,22.464973,2808.4968,110.55435,2.9672695,0.80290432,0,113.03811
SpMV,1000,10000,0.01,0.142853,0.14,2.0256494e-05,0.00131628,0.9873,6.9116,32,3.2,0.0825824,24,1.112,24.0468,288.384,1.331585e-05,0.0016288625,0.4794285,4.3792,1.5212318,0,113.03811
SpMV,2000,40000,0.01,0.153845,0.52,1.9167036e-05,0.00124841,4.1738,27.1301,32,3.2,0.09243555,24,1.112,24.0468,288.384,1.492145e-05,0.0016888375,1.646911,12.565508,1.2845291,0,113.03811
SpMV,5000,250000,0.01,0.16129,3.1,2.5417789e-05,0.00176599,19.6713,121.962,32,3.2,0.10282145,24,1.112,24.0468,288.384,2.34829e-05,0.00255208,3.8570982,28.387463,1.0823957,0,113.03811
SpMV,10000,1000000,0.01,0.163934,12.2,5.3875139e-05,0.00392241,37.1229,226.4496,32,3.2,0.10794735,24,1.112,24.0468,288.384,4.10326e-05,0.0056353775,7.3921275,52.8825,1.3129838,0,113.03811
SpMV,12500,1562500,0.01,0.164474,19,7.047152e-05,0.00574754,44.3442,269.6125,32,3.2,0.11136507,24,1.112,24.0468,288.384,5.37083e-05,0.0078031375,8.60267,61.5024,1.312116,0,113.03811
SpMV,15000,2250000,0.01,0.164835,27.3,9.2974846e-05,0.00774766,48.4002,293.6278,32,3.2,0.11407033,24,1.112,24.0468,288.384,6.8771225e-05,0.010623585,9.5970425,68.73525,1.351944,0,113.03811
SpMV,60000,36000000,0.01,0.166205,433.2,0.014517355,0.960708,4.9596,29.8401,32,3.2,0.13032547,24,1.112,24.0468,288.384,0.0010056245,0.15598552,14.561618,106.5183,14.43616,0,113.03811
SpMV,75000,56250000,0.01,0.166297,676.5,0.022637217,1.50171,4.9697,29.8844,32,3.2,0.13205097,24,1.112,24.0468,288.384,0.0016545889,0.24048425,15.442243,114.4165,13.681475,0,113.03811
SpMV,100000,100000000,0.01,0.166389,1202,0.040022126,2.65397,4.9972,30.0334,32,3.2,1.145228,24,1.112,24.0468,288.384,0.0021642772,0.37476802,29.465082,104.07284,18.492144,0,113.03811
SpMV,125000,156250000,0.01,0.166445,1877.5,0.062747129,4.1563,4.9803,29.9217,32,3.2,0.13735163,24,1.112,24.0468,288.384,0.0045384564,0.77404585,17.836535,129.11975,13.825654,0,113.03811
SpMV,150000,225000000,0.01,0.166482,2703,0.090196646,5.97358,4.9891,29.9679,32,3.2,0.14006608,24,1.112,24.0468,288.384,0.0065657149,1.1015155,18.182405,127.472,13.737521,0,113.03811
SpMV,200000,400000000,0.01,0.166528,4804,0.16072872,10.6311,4.9773,29.8889,32,3.2,1.2159124,24,1.112,24.0468,288.384,0.010393967,1.6773151,33.65654,109.00374,15.463655,0,113.03811
SpMV,250000,625000000,0.01,0.166556,7505,0.25396951,16.6361,4.9219,29.5508,32,3.2,0.14709225,24,1.112,24.0468,288.384,0.019290446,3.1666282,19.892,135.832,13.165559,0,113.03811
SpMV,300000,900000000,0.01,0.166574,10806,0.35106336,19.4685,5.1273,30.7808,32,3.2,0.1493395,24,1.112,24.0468,288.384,0.028521241,4.6067009,19.666825,132.8695,12.308839,0,113.03811
SpMV,1000,1000,0.001,0.0624922,0.032,2.668076e-05,0.00133337,0.075,1.1995,32,3.2,0.0825824,24,1.112,24.0468,288.384,1.331585e-05,0.0016288625,0.4794285,4.3792,2.0036843,0,113.03811
SpMV,2000,4000,0.001,0.090905,0.088,2.85177e-05,0.00120105,0.2805,3.0859,32,3.2,0.09243555,24,1.112,24.0468,288.384,1.492145e-05,0.0016888375,1.646911,12.565508,1.9111883,0,113.03811
SpMV,5000,25000,0.001,0.124999,0.4,2.4426819e-05,0.00135412,2.0469,16.3756,32,3.2,0.10282145,24,1.112,24.0468,288.384,2.34829e-05,0.00255208,3.8570982,28.387463,1.040196,0,113.03811
SpMV,10000,100000,0.001,0.142857,1.4,2.7685829e-05,0.00166003,7.2239,50.5675,32,3.2,0.10794735,24,1.112,24.0468,288.384,4.10326e-05,0.0056353775,7.3921275,52.8825,0.67472763,0,113.03811
SpMV,12500,156250,0.001,0.147059,2.125,3.1831003e-05,0.00193768,9.8175,66.7589,32,3.2,0.11136507,24,1.112,24.0468,288.384,5.37083e-05,0.0078031375,8.60267,61.5024,0.5926645,0,113.03811
SpMV,15000,225000,0.001,0.15,3,3.3526569e-05,0.00205377,13.4222,89.4814,32,3.2,0.11407033,24,1.112,24.0468,288.384,6.8771225e-05,0.010623585,9.5970425,68.73525,0.48750868,0,113.03811
SpMV,60000,3600000,0.001,0.162162,44.4,0.00028593432,0.0142688,25.1806,155.2804,32,3.2,0.13032547,24,1.112,24.0468,288.384,0.0010056245,0.15598552,14.561618,106.5183,0.28433509,0,113.03811
SpMV,75000,5625000,0.001,0.163043,69,0.00047644714,0.0258373,23.6123,144.822,32,3.2,0.13205097,24,1.112,24.0468,288.384,0.0016545889,0.24048425,15.442243,114.4165,0.28795499,0,113.03811
SpMV,100000,10000000,0.001,0.163934,122,0.00098429772,0.0523924,20.3191,123.9462,32,3.2,1.145228,24,1.112,24.0468,288.384,0.0021642772,0.37476802,29.465082,104.07284,0.45479281,0,113.03811
SpMV,125000,15625000,0.001,0.164474,190,0.0012782425,0.0845359,24.4476,148.6416,32,3.2,0.13735163,24,1.112,24.0468,288.384,0.0045384564,0.77404585,17.836535,129.11975,0.28164697,0,113.03811
SpMV,150000,22500000,0.001,0.164835,273,0.007552001,0.496141,5.9587,36.1494,32,3.2,0.14006608,24,1.112,24.0468,288.384,0.0065657149,1.1015155,18.182405,127.472,1.1502176,0,113.03811
SpMV,200000,40000000,0.001,0.165289,484,0.016209265,1.06145,4.9354,29.8595,32,3.2,1.2159124,24,1.112,24.0468,288.384,0.010393967,1.6773151,33.65654,109.00374,1.5594878,0,113.03811
SpMV,250000,62500000,0.001,0.165563,755,0.025247336,1.65875,4.951,29.9041,32,3.2,0.14709225,24,1.112,24.0468,288.384,0.019290446,3.1666282,19.892,135.832,1.3088,0,113.03811
SpMV,300000,90000000,0.001,0.165746,1086,0.036130654,2.38339,4.9819,30.0576,32,3.2,0.1493395,24,1.112,24.0468,288.384,0.028521241,4.6067009,19.666825,132.8695,1.2667981,0,113.03811
SpMV,400000,160000000,0.001,0.165975,1928,0.063556703,3.72918,5.0349,30.3351,32,3.2,1.5647805,24,1.112,24.0468,288.384,0.003957745,0.68718195,41.52065,113.05837,16.058817,0,113.03811
SpMV,500000,250000000,0.001,0.166113,3010,0.099235894,5.81749,5.0385,30.3318,32,3.2,0.150801,24,1.112,24.0468,288.384,0.0075498303,1.306483,22.117967,147.13267,13.144122,0,113.03811
SpMV,1000000,1000000000,0.001,0.166389,12020,0.39589146,24.2422,5.0519,30.3619,32,3.2,0.15772667,24,1.112,24.0468,288.384,0.035582853,5.9811337,22.355167,142.32033,11.125906,1,113.03811
SpMV,1000,1000,0.0001,0.0624922,0.032,2.7669236e-05,0.00131689,0.0723,1.1567,32,3.2,0.0825824,24,1.112,24.0468,288.384,1.331585e-05,0.0016288625,0.4794285,4.3792,2.0779174,0,113.03811
SpMV,2000,2000,0.0001,0.0624961,0.064,2.7720366e-05,0.00128009,0.1443,2.3089,32,3.2,0.09243555,24,1.112,24.0468,288.384,1.492145e-05,0.0016888375,1.646911,12.565508,1.8577528,0,113.03811
SpMV,5000,5000,0.0001,0.0624984,0.16,2.3702211e-05,0.00135278,0.4219,6.7506,32,3.2,0.10282145,24,1.112,24.0468,288.384,2.34829e-05,0.00255208,3.8570982,28.387463,1.0093392,0,113.03811
SpMV,10000,10000,0.0001,0.0624992,0.32,2.4564277e-05,0.00141424,0.8142,13.0272,32,3.2,0.10794735,24,1.112,24.0468,288.384,4.10326e-05,0.0056353775,7.3921275,52.8825,0.59865271,0,113.03811
SpMV,12500,15625,0.0001,0.0714279,0.4375,2.4099307e-05,0.00137152,1.2967,18.1542,32,3.2,0.11136507,24,1.112,24.0468,288.384,5.37083e-05,0.0078031375,8.60267,61.5024,0.44870731,0,113.03811
SpMV,15000,22500,0.0001,0.0789468,0.57,2.4660095e-05,0.00143261,1.8248,23.1144,32,3.2,0.11407033,24,1.112,24.0468,288.384,6.8771225e-05,0.010623585,9.5970425,68.73525,0.35858159,0,113.03811
SpMV,60000,360000,0.0001,0.130435,5.52,4.766354e-05,0.00364744,15.1059,115.8119,32,3.2,0.13032547,24,1.112,24.0468,288.384,0.0010056245,0.15598552,14.561618,106.5183,0.047396958,0,113.03811
SpMV,75000,562500,0.0001,0.136364,8.25,6.822434e-05,0.00386474,16.4897,120.9246,32,3.2,0.13205097,24,1.112,24.0468,288.384,0.0016545889,0.24048425,15.442243,114.4165,0.041233407,0,113.03811
SpMV,100000,1000000,0.0001,0.142857,14,7.90606e-05,0.00489866,25.2971,177.0794,32,3.2,1.145228,24,1.112,24.0468,288.384,0.0021642772,0.37476802,29.465082,104.07284,0.036529793,0,113.03811
SpMV,125000,1562500,0.0001,0.147059,21.25,0.00021595956,0.010199,14.4703,98.3981,32,3.2,0.13735163,24,1.112,24.0468,288.384,0.0045384564,0.77404585,17.836535,129.11975,0.047584364,0,113.03811
SpMV,150000,2250000,0.0001,0.15,30,0.00030099612,0.0177282,14.9504,99.6691,32,3.2,0.14006608,24,1.112,24.0468,288.384,0.0065657149,1.1015155,18.182405,127.472,0.045843617,0,113.03811
SpMV,200000,4000000,0.0001,0.153846,52,0.00043567596,0.0261327,18.3623,119.3548,32,3.2,1.2159124,24,1.112,24.0468,288.384,0.010393967,1.6773151,33.65654,109.00374,0.041916235,0,113.03811
SpMV,250000,6250000,0.0001,0.15625,80,0.00059162214,0.0348119,21.1284,135.2215,32,3.2,0.14709225,24,1.112,24.0468,288.384,0.019290446,3.1666282,19.892,135.832,0.030669179,0,113.03811
SpMV,300000,9000000,0.0001,0.157895,114,0.0009444774,0.0560448,19.0582,120.7017,32,3.2,0.1493395,24,1.112,24.0468,288.384,0.028521241,4.6067009,19.666825,132.8695,0.033114877,0,113.03811
SpMV,400000,16000000,0.0001,0.16,200,0.0017131363,0.126711,18.6792,116.7449,32,3.2,1.5647805,24,1.112,24.0468,288.384,0.003957745,0.68718195,41.52065,113.05837,0.43285667,0,113.03811
SpMV,500000,25000000,0.0001,0.16129,310,0.013134737,0.740545,3.8067,23.6015,32,3.2,0.150801,24,1.112,24.0468,288.384,0.0075498303,1.306483,22.117967,147.13267,1.7397394,0,113.03811
SpMV,1000000,100000000,0.0001,0.163934,1220,0.039731037,2.33784,5.0338,30.7065,32,3.2,0.15772667,24,1.112,24.0468,288.384,0.035582853,5.9811337,22.355167,142.32033,1.1165782,0,113.03811
SpMV,2000000,400000000,0.0001,0.165289,4840,0.15873234,9.27226,5.0399,30.4916,32,3.2,0.1595675,24,1.112,24.0468,288.384,0.01774859,3.1313435,23.9684,150.1715,8.9433773,0,113.03811
SpMV,1000,1000,1e-05,0.0624922,0.032,2.7102532e-05,0.00132153,0.0738,1.1808,32,3.2,0.0825824,24,1.112,24.0468,288.384,1.331585e-05,0.0016288625,0.4794285,4.3792,2.0353588,0,113.03811
SpMV,2000,2000,1e-05,0.0624961,0.064,2.3684352e-05,0.00134509,0.1689,2.7024,32,3.2,0.09243555,24,1.112,24.0468,288.384,1.492145e-05,0.0016888375,1.646911,12.565508,1.5872688,0,113.03811
SpMV,5000,5000,1e-05,0.0624984,0.16,2.3698635e-05,0.00134735,0.422,6.7516,32,3.2,0.10282145,24,1.112,24.0468,288.384,2.34829e-05,0.00255208,3.8570982,28.387463,1.0091869,0,113.03811
SpMV,10000,10000,1e-05,0.0624992,0.32,2.4314557e-05,0.00135821,0.8226,13.161,32,3.2,0.10794735,24,1.112,24.0468,288.384,4.10326e-05,0.0056353775,7.3921275,52.8825,0.59256681,0,113.03811
SpMV,12500,12500,1e-05,0.0624994,0.4,2.4215071e-05,0.00135968,1.0324,16.5188,32,3.2,0.11136507,24,1.112,24.0468,288.384,5.37083e-05,0.0078031375,8.60267,61.5024,0.45086273,0,113.03811
SpMV,15000,15000,1e-05,0.0624995,0.48,2.4924713e-05,0.00141613,1.2036,19.2582,32,3.2,0.11407033,24,1.112,24.0468,288.384,6.8771225e-05,0.010623585,9.5970425,68.73525,0.36242939,0,113.03811
SpMV,60000,60000,1e-05,0.0624999,1.92,2.722838e-05,0.00229858,4.4072,70.5148,32,3.2,0.13032547,24,1.112,24.0468,288.384,0.0010056245,0.15598552,14.561618,106.5183,0.027076092,0,113.03811
SpMV,75000,75000,1e-05,0.0624999,2.4,2.956168e-05,0.00226318,5.0741,81.1863,32,3.2,0.13205097,24,1.112,24.0468,288.384,0.0016545889,0.24048425,15.442243,114.4165,0.01786648,0,113.03811
SpMV,100000,100000,1e-05,0.0624999,3.2,3.226142e-05,0.00235718,6.1994,99.1898,32,3.2,1.145228,24,1.112,24.0468,288.384,0.0021642772,0.37476802,29.465082,104.07284,0.014906325,0,113.03811
SpMV,125000,156250,1e-05,0.0714285,4.375,4.19555e-05,0.00243042,7.4484,104.2772,32,3.2,0.13735163,24,1.112,24.0468,288.384,0.0045384564,0.77404585,17.836535,129.11975,0.0092444427,0,113.03811
SpMV,150000,225000,1e-05,0.0789473,5.7,4.927712e-05,0.00372192,9.132,115.6724,32,3.2,0.14006608,24,1.112,24.0468,288.384,0.0065657149,1.1015155,18.182405,127.472,0.0075052177,0,113.03811
SpMV,200000,400000,1e-05,0.090909,8.8,6.080672e-05,0.00367432,13.1564,144.7209,32,3.2,1.2159124,24,1.112,24.0468,288.384,0.010393967,1.6773151,33.65654,109.00374,0.0058501938,0,113.03811
SpMV,250000,625000,1e-05,0.1,12.5,0.0001060447,0.0051416,11.7875,117.8749,32,3.2,0.14709225,24,1.112,24.0468,288.384,0.019290446,3.1666282,19.892,135.832,0.0054972653,0,113.03811
SpMV,300000,900000,1e-05,0.107143,16.8,0.00018162832,0.00806516,9.9103,92.4966,32,3.2,0.1493395,24,1.112,24.0468,288.384,0.028521241,4.6067009,19.666825,132.8695,0.0063681773,0,113.03811
SpMV,400000,1600000,1e-05,0.117647,27.2,0.0002735507,0.0148754,11.698,99.4331,32,3.2,1.5647805,24,1.112,24.0468,288.384,0.003957745,0.68718195,41.52065,113.05837,0.069117818,0,113.03811
SpMV,500000,2500000,1e-05,0.125,40,0.00040200958,0.0234191,12.4375,99.5001,32,3.2,0.150801,24,1.112,24.0468,288.384,0.0075498303,1.306483,22.117967,147.13267,0.053247499,0,113.03811
SpMV,1000000,10000000,1e-05,0.142857,140,0.0012323356,0.0753453,16.2293,113.6054,32,3.2,0.15772667,24,1.112,24.0468,288.384,0.035582853,5.9811337,22.355167,142.32033,0.034632849,0,113.03811
SpMV,2000000,40000000,1e-05,0.153846,520,0.016367445,0.974208,4.8878,31.7704,32,3.2,0.1595675,24,1.112,24.0468,288.384,0.01774859,3.1313435,23.9684,150.1715,0.92218283,0,113.03811
SpMV,5000000,250000000,1e-05,0.16129,3100,0.10281662,6.01738,4.863,30.1508,32,3.2,0.16129,24,1.112,24.0468,288.384,0.022162,3.75052,22.5611,139.879,4.6393205,0,113.03811
SpMV,10000000,1000000000,1e-05,0.163934,12200,0.29718591,17.6855,6.7298,41.0517,32,3.2,0.163934,24,1.112,24.0468,288.384,0.0806244,14.0544,24.8064,151.319,3.6860542,0,113.03811
FFT,16384,0,0,4.37473,0.2622,7.7114492e-05,0.00377923,14.8724,3.3996,32,3.2,684.85236,24,1.112,24.0468,288.384,22.464973,2808.4968,110.55435,2.9672695,3.4326546e-06,0,113.03811
FFT,24000,0,0,4.54692,0.384,0.0001159081,0.00630614,15.0644,3.3131,32,3.2,4.54692,24,1.112,24.0468,288.384,4.41078e-05,0.00392824,39.5868,8.7063,2.6278368,0,113.03811
FFT,32768,0,0,4.68736,0.5243,0.00012451215,0.00591795,19.7378,4.2109,32,3.2,4.68736,24,1.112,24.0468,288.384,5.31416e-05,0.00544762,46.2462,9.86616,2.343026,0,113.03811
FFT,48000,0,0,4.85951,0.768,0.00015602334,0.00736021,23.9206,4.9224,32,3.2,4.85951,24,1.112,24.0468,288.384,5.86713e-05,0.00645158,63.6117,13.0902,2.6592787,1,113.03811
FFT,65536,0,0,4.99992,1.0486,0.00017693691,0.00791136,29.6314,5.9264,32,3.2,4.99992,24,1.112,24.0468,288.384,5.54251e-05,0.00588468,94.5939,18.9191,3.1923607,0,113.03811
FFT,100000,0,0,5.19046,1.6,0.00030441784,0.0139532,27.281,5.256,32,3.2,1.145228,24,1.112,24.0468,288.384,0.0021642772,0.37476802,29.465082,104.07284,0.14065566,0,113.03811
FFT,131072,0,0,5.31246,2.0972,0.00030204221,0.0166668,36.886,6.9433,32,3.2,5.31246,24,1.112,24.0468,288.384,9.75757e-05,0.0107697,114.179,21.4927,3.0954655,0,113.03811
FFT,200000,0,0,5.50299,3.2,0.00047892031,0.0278033,36.7695,6.6817,32,3.2,1.2159124,24,1.112,24.0468,288.384,0.010393967,1.6773151,33.65654,109.00374,0.046076759,0,113.03811
FFT,262144,0,0,5.62498,4.1943,0.00044662404,0.0267785,52.8251,9.3912,32,3.2,5.62498,24,1.112,24.0468,288.384,0.000192364,0.0231379,122.648,21.8041,2.3217652,0,113.03811
FFT,400000,0,0,5.8155,6.4,0.0006289725,0.0404229,59.1747,10.1754,32,3.2,1.5647805,24,1.112,24.0468,288.384,0.003957745,0.68718195,41.52065,113.05837,0.15892194,0,113.03811
FFT,524288,0,0,5.93749,8.3886,0.00078239989,0.0539134,63.6597,10.7217,32,3.2,5.93749,24,1.112,24.0468,288.384,0.00038999,0.0486417,127.714,21.5098,2.006205,0,113.03811
FFT,800000,0,0,6.128,12.8,0.0012226418,0.0857359,64.155,10.4691,32,3.2,6.128,24,1.112,24.0468,288.384,0.000723228,0.0924569,108.456,17.6985,1.6905344,0,113.03811
FFT,1048576,0,0,6.24999,16.7772,0.0015200445,0.104509,68.9832,11.0373,32,3.2,6.24999,24,1.112,24.0468,288.384,0.000768862,0.101658,136.38,21.8209,1.9770057,0,113.03811
FFT,1600000,0,0,6.44051,25.6,0.0023328924,0.136645,70.675,10.9735,32,3.2,6.44051,24,1.112,24.0468,288.384,0.00134152,0.193013,122.903,19.0828,1.7389919,0,113.03811
FFT,2097152,0,0,6.5625,33.5544,0.0033742876,0.153753,65.2585,9.9442,32,3.2,6.5625,24,1.112,24.0468,288.384,0.00147009,0.202281,149.787,22.8248,2.2952932,0,113.03811
FFT,3000000,0,0,6.72391,48,0.0054098878,0.235076,59.6589,8.8726,32,3.2,6.72391,24,1.112,24.0468,288.384,0.00294057,0.417231,109.757,16.3233,1.8397412,0,113.03811
FFT,3200000,0,0,6.75301,51.2,0.0037427796,0.247772,92.379,13.6797,32,3.2,6.75301,24,1.112,24.0468,288.384,0.00288088,0.392353,120.017,17.7723,1.2991793,0,113.03811
FFT,4194304,0,0,6.875,67.1089,0.0096916932,0.589146,47.605,6.9244,32,3.2,6.875,24,1.112,24.0468,288.384,0.00292522,0.396656,157.723,22.9415,3.3131502,0,113.03811
FFT,6000000,0,0,7.03641,96,0.0083500642,0.530895,80.8971,11.4969,32,3.2,7.03641,24,1.112,24.0468,288.384,0.00581424,0.803513,116.18,16.5112,1.4361403,0,113.03811
FFT,6400000,0,0,7.06551,102.4,0.0095694209,0.624852,75.6063,10.7008,32,3.2,7.06551,24,1.112,24.0468,288.384,0.00541899,0.772385,133.513,18.8965,1.7659049,0,113.03811
FFT,8388608,0,0,7.1875,134.2177,0.02850608,1.58211,33.8415,4.7084,32,3.2,7.1875,24,1.112,24.0468,288.384,0.00567426,0.796491,170.012,23.6538,5.0237528,0,113.03811
FFT,12000000,0,0,7.34892,192,0.027756662,1.61002,50.8344,6.9173,32,3.2,7.34892,24,1.112,24.0468,288.384,0.0117434,1.63836,120.152,16.3497,2.3635967,0,113.03811
FFT,12800000,0,0,7.37801,204.8,0.028897499,1.61774,52.2888,7.0871,32,3.2,7.37801,24,1.112,24.0468,288.384,0.0107729,1.52701,140.261,19.0106,2.6824253,0,113.03811
FFT,16777216,0,0,7.5,268.4355,0.079498794,3.33592,25.3245,3.3766,32,3.2,7.5,24,1.112,24.0468,288.384,0.0109682,1.54302,183.556,24.4741,7.2481168,1,113.03811
FFT,25000000,0,0,7.67982,400,0.04525621,2.71784,67.8786,8.8386,32,3.2,7.67982,24,1.112,24.0468,288.384,0.0240498,3.36435,127.732,16.6321,1.8817707,0,113.03811
FFT,33554432,0,0,7.8125,536.8709,0.12656205,6.00976,33.1403,4.242,32,3.2,7.8125,24,1.112,24.0468,288.384,0.0214439,3.06443,195.594,25.036,5.9020072,1,113.03811
FFT,50000000,0,0,7.99232,800,0.10913122,7.1796,58.5887,7.3306,32,3.2,7.99232,24,1.112,24.0468,288.384,0.0488895,6.8855,130.782,16.3634,2.2322016,1,113.03811
FFT,67108864,0,0,8.125,1073.7418,0.2136874,12.2097,40.8267,5.0248,32,3.2,8.125,24,1.112,24.0468,288.384,0.049234,7.11625,177.198,21.809,4.3402406,1,113.03811
GEMM,1024,0,0,85.3333,25.1658,0.02011632,0.85684,106.7533,1.251,64,3.2,85.3333,24,1.112,24.0468,288.384,0.0144698,1.76946,148.411,1.73919,1.3902279,1,104.90851
GEMM,1152,0,0,96,31.8505,0.00698691,0.385039,437.6252,4.5586,64,3.2,96,24,1.112,24.0468,288.384,0.0188809,2.16274,161.944,1.68691,0.37005175,0,104.90851
GEMM,1280,0,0,106.667,39.3216,0.0097242655,0.538695,431.3235,4.0437,64,3.2,106.667,24,1.112,24.0468,288.384,0.0253834,3.29951,165.238,1.5491,0.38309547,0,104.90851
GEMM,1408,0,0,117.333,47.5791,0.012243491,0.695982,455.9663,3.8861,64,3.2,117.333,24,1.112,24.0468,288.384,0.0321002,3.41919,173.912,1.48221,0.38141477,0,104.90851
GEMM,1536,0,0,128,56.6231,0.016181029,0.963345,447.917,3.4994,64,3.2,128,24,1.112,24.0468,288.384,0.0375119,4.58638,193.212,1.50947,0.43135722,0,104.90851
GEMM,1664,0,0,138.667,66.4535,0.015304629,1.23996,602.098,4.3421,64,3.2,138.667,24,1.112,24.0468,288.384,0.049558,5.61634,185.941,1.34092,0.30882256,0,104.90851
GEMM,1792,0,0,149.333,77.0703,0.025730092,1.52401,447.3039,2.9953,64,3.2,149.333,24,1.112,24.0468,288.384,0.0640162,7.05879,179.785,1.20392,0.40193096,0,104.90851
GEMM,1920,0,0,160,88.4736,0.023496029,1.98144,602.4753,3.7655,64,3.2,160,24,1.112,24.0468,288.384,0.0765134,8.50078,185.011,1.15632,0.30708384,0,104.90851
GEMM,2048,0,0,170.667,100.6633,0.038927831,2.82134,441.3261,2.5859,64,3.2,170.667,24,1.112,24.0468,288.384,0.0901351,11.0393,190.601,1.11681,0.43188315,0,104.90851
GEMM,2304,0,0,192,127.402,0.039010574,3.18743,627.0398,3.2658,64,3.2,192,24,1.112,24.0468,288.384,0.128224,14.8497,190.769,0.993589,0.30423769,0,104.90851
GEMM,2560,0,0,213.333,157.2864,0.056846742,4.50927,590.2613,2.7668,64,3.2,213.333,24,1.112,24.0468,288.384,0.173144,20.292,193.795,0.908416,0.3283206,0,104.90851
GEMM,2816,0,0,234.667,190.3165,0.075093902,5.05675,594.7347,2.5344,64,3.2,234.667,24,1.112,24.0468,288.384,0.233568,26.5436,191.211,0.814821,0.32150766,0,104.90851
GEMM,3072,0,0,256,226.4924,0.11712169,7.77201,495.0582,1.9338,64,3.2,256,24,1.112,24.0468,288.384,0.298694,34.1896,194.118,0.758275,0.39211264,0,104.90851
GEMM,3328,0,0,277.333,265.814,0.21356949,19.9194,345.1761,1.2446,64,3.2,277.333,24,1.112,24.0468,288.384,0.381412,43.7098,193.279,0.69692,0.55994433,0,104.90851
GEMM,3584,0,0,298.667,308.2813,0.11405903,12.5955,807.243,2.7028,64,3.2,298.667,24,1.112,24.0468,288.384,0.470553,54.3094,195.67,0.655147,0.24239359,0,104.90851
GEMM,3840,0,0,320,353.8944,0.14477153,17.2793,782.2409,2.4445,64,3.2,320,24,1.112,24.0468,288.384,0.580408,67.3866,195.115,0.609734,0.24943063,0,104.90851
GEMM,4096,0,0,341.333,402.6532,0.25235714,26.8989,544.6208,1.5956,64,3.2,341.333,24,1.112,24.0468,288.384,0.700908,81.7401,196.087,0.574473,0.36004318,0,104.90851
GEMM,4608,0,0,384,509.6079,0.37434941,42.2991,522.7454,1.3613,64,3.2,384,24,1.112,24.0468,288.384,1.00557,116.971,194.606,0.506787,0.37227583,0,104.90851
GEMM,5120,0,0,426.667,629.1456,0.57833526,63.6382,464.152,1.0879,64,3.2,426.667,24,1.112,24.0468,288.384,1.37172,159.886,195.692,0.458654,0.4216132,0,104.90851
GEMM,5632,0,0,469.333,761.2662,0.35352273,48.3738,1010.6496,2.1534,64,3.2,469.333,24,1.112,24.0468,288.384,1.82764,214.703,195.491,0.41653,0.19343127,0,104.90851
GEMM,6144,0,0,512,905.9697,0.59492011,73.2046,779.6954,1.5228,64,3.2,512,24,1.112,24.0468,288.384,2.37266,280.021,195.5,0.381836,0.25073972,0,104.90851
GEMM,6656,0,0,554.667,1063.2561,1.1976786,127.926,492.4131,0.8878,64,3.2,554.667,24,1.112,24.0468,288.384,3.02115,359.659,195.208,0.351937,0.39643137,0,104.90851
GEMM,7168,0,0,597.333,1233.1254,1.5443913,165.035,476.9432,0.7985,64,3.2,597.333,24,1.112,24.0468,288.384,3.76794,451.996,195.488,0.327268,0.40987683,0,104.90851
GEMM,7680,0,0,640,1415.5776,1.8324042,197.855,494.4159,0.7725,64,3.2,640,24,1.112,24.0468,288.384,4.62937,561.105,195.701,0.305782,0.3958215,0,104.90851
GEMM,8192,0,0,682.667,1610.6127,2.7331614,280.405,402.2856,0.5893,64,3.2,682.667,24,1.112,24.0468,288.384,5.62099,688.752,195.608,0.286536,0.486242,0,104.90851
GEMM,9216,0,0,768,2038.4317,2.5190626,294.943,621.4675,0.8092,64,3.2,768,24,1.112,24.0468,288.384,8.00662,989.779,195.528,0.254593,0.31462248,0,104.90851
GEMM,10240,0,0,853.333,2516.5824,4.1567362,455.654,516.6274,0.6054,64,3.2,853.333,24,1.112,24.0468,288.384,10.9842,1362.22,195.506,0.229108,0.37842867,0,104.90851
GEMM,11264,0,0,938.667,3045.0647,5.9125729,637.757,483.4276,0.515,64,3.2,938.667,24,1.112,24.0468,288.384,14.6038,1806.56,195.722,0.208511,0.40486537,0,104.90851
GEMM,12288,0,0,1024,3623.8787,7.3984347,803.19,501.5725,0.4898,64,3.2,1024,24,1.112,24.0468,288.384,18.9585,2340.26,195.736,0.191148,0.39024368,0,104.90851
GEMM,13312,0,0,1109.33,4253.0243,7.072677,823.306,667.0772,0.6013,64,3.2,1109.33,24,1.112,24.0468,288.384,24.1059,2994.91,195.721,0.176431,0.29340024,0,104.90851
GEMM,14336,0,0,1194.67,4932.5015,12.701227,1302.47,463.9469,0.3883,64,3.2,1194.67,24,1.112,24.0468,288.384,30.093,3736.03,195.816,0.163909,0.42206583,0,104.90851
GEMM,15360,0,0,1280,5662.3104,14.116294,1492.05,513.432,0.4011,64,3.2,1280,24,1.112,24.0468,288.384,37.0134,4618.08,195.814,0.15298,0.38138333,0,104.90851
GEMM,16384,0,0,1365.33,6442.4509,16.215718,1750.08,542.4424,0.3973,64,3.2,684.85236,24,1.112,24.0468,288.384,22.464973,2808.4968,110.55435,2.9672695,0.72182227,0,104.90851
SpMV,1000,10000,0.01,0.142853,0.14,3.8654648e-05,0.00282342,0.5174,3.6219,64,3.2,0.0825824,24,1.112,24.0468,288.384,1.331585e-05,0.0016288625,0.4794285,4.3792,2.902905,0,104.90851
SpMV,2000,40000,0.01,0.153845,0.52,3.6262426e-05,0.002867,2.2061,14.34,64,3.2,0.09243555,24,1.112,24.0468,288.384,1.492145e-05,0.0016888375,1.646911,12.565508,2.4302213,0,104.90851
SpMV,5000,250000,0.01,0.16129,3.1,3.5766554e-05,0.00297588,13.9795,86.6733,64,3.2,0.10282145,24,1.112,24.0468,288.384,2.34829e-05,0.00255208,3.8570982,28.387463,1.5230893,0,104.90851
SpMV,10000,1000000,0.01,0.163934,12.2,5.3775707e-05,0.00478484,37.1915,226.8683,64,3.2,0.10794735,24,1.112,24.0468,288.384,4.10326e-05,0.0056353775,7.3921275,52.8825,1.3105606,0,104.90851
SpMV,12500,1562500,0.01,0.164474,19,7.0941853e-05,0.0059727,44.0502,267.825,64,3.2,0.11136507,24,1.112,24.0468,288.384,5.37083e-05,0.0078031375,8.60267,61.5024,1.3208732,0,104.90851
SpMV,15000,2250000,0.01,0.164835,27.3,8.6333921e-05,0.00769297,52.1232,316.2141,64,3.2,0.11407033,24,1.112,24.0468,288.384,6.8771225e-05,0.010623585,9.5970425,68.73525,1.2553786,0,104.90851
SpMV,60000,36000000,0.01,0.166205,433.2,0.014079916,1.11502,5.1137,30.7672,64,3.2,0.13032547,24,1.112,24.0468,288.384,0.0010056245,0.15598552,14.561618,106.5183,14.001168,0,104.90851
SpMV,75000,56250000,0.01,0.166297,676.5,0.022004262,1.7545,5.1126,30.744,64,3.2,0.13205097,24,1.112,24.0468,288.384,0.0016545889,0.24048425,15.442243,114.4165,13.29893,0,104.90851
SpMV,100000,100000000,0.01,0.166389,1202,0.038943846,3.09207,5.1356,30.865,64,3.2,1.145228,24,1.112,24.0468,288.384,0.0021642772,0.37476802,29.465082,104.07284,17.993927,0,104.90851
SpMV,125000,156250000,0.01,0.166445,1877.5,0.060727124,4.83187,5.146,30.917,64,3.2,0.13735163,24,1.112,24.0468,288.384,0.0045384564,0.77404585,17.836535,129.11975,13.380568,0,104.90851
SpMV,150000,225000000,0.01,0.166482,2703,0.087507853,6.86661,5.1424,30.8887,64,3.2,0.14006608,24,1.112,24.0468,288.384,0.0065657149,1.1015155,18.182405,127.472,13.328001,0,104.90851
SpMV,200000,400000000,0.01,0.166528,4804,0.15109214,11.711,5.2948,31.7952,64,3.2,1.2159124,24,1.112,24.0468,288.384,0.010393967,1.6773151,33.65654,109.00374,14.536524,0,104.90851
SpMV,250000,625000000,0.01,0.166556,7505,0.24377675,16.8079,5.1276,30.7864,64,3.2,0.14709225,24,1.112,24.0468,288.384,0.019290446,3.1666282,19.892,135.832,12.637175,0,104.90851
SpMV,300000,900000000,0.01,0.166574,10806,0.35181294,27.1359,5.1164,30.7152,64,3.2,0.1493395,24,1.112,24.0468,288.384,0.028521241,4.6067009,19.666825,132.8695,12.33512,0,104.90851
SpMV,1000,1000,0.001,0.0624922,0.032,4.4330326e-05,0.00269695,0.0451,0.7219,64,3.2,0.0825824,24,1.112,24.0468,288.384,1.331585e-05,0.0016288625,0.4794285,4.3792,3.3291398,1,104.90851
SpMV,2000,4000,0.001,0.090905,0.088,3.7897192e-05,0.00274358,0.2111,2.3222,64,3.2,0.09243555,24,1.112,24.0468,288.384,1.492145e-05,0.0016888375,1.646911,12.565508,2.5397794,0,104.90851
SpMV,5000,25000,0.001,0.124999,0.4,3.8098121e-05,0.00285217,1.3124,10.4993,64,3.2,0.10282145,24,1.112,24.0468,288.384,2.34829e-05,0.00255208,3.8570982,28.387463,1.6223772,0,104.90851
SpMV,10000,100000,0.001,0.142857,1.4,3.7980282e-05,0.00306005,5.2659,36.8613,64,3.2,0.10794735,24,1.112,24.0468,288.384,4.10326e-05,0.0056353775,7.3921275,52.8825,0.92561237,0,104.90851
SpMV,12500,156250,0.001,0.147059,2.125,3.9197102e-05,0.00317498,7.9725,54.2133,64,3.2,0.11136507,24,1.112,24.0468,288.384,5.37083e-05,0.0078031375,8.60267,61.5024,0.72981461,0,104.90851
SpMV,15000,225000,0.001,0.15,3,4.0907023e-05,0.0033792,11.0006,73.3371,64,3.2,0.11407033,24,1.112,24.0468,288.384,6.8771225e-05,0.010623585,9.5970425,68.73525,0.5948276,0,104.90851
SpMV,60000,3600000,0.001,0.162162,44.4,0.00019909068,0.0132666,36.1644,223.014,64,3.2,0.13032547,24,1.112,24.0468,288.384,0.0010056245,0.15598552,14.561618,106.5183,0.19797717,0,104.90851
SpMV,75000,5625000,0.001,0.163043,69,0.00034905168,0.0222753,32.2302,197.6785,64,3.2,0.13205097,24,1.112,24.0468,288.384,0.0016545889,0.24048425,15.442243,114.4165,0.21095976,0,104.90851
SpMV,100000,10000000,0.001,0.163934,122,0.0005858785,0.0362218,34.1368,208.2343,64,3.2,1.145228,24,1.112,24.0468,288.384,0.0021642772,0.37476802,29.465082,104.07284,0.270704,0,104.90851
SpMV,125000,15625000,0.001,0.164474,190,0.0012889646,0.0917564,24.2443,147.4051,64,3.2,0.13735163,24,1.112,24.0468,288.384,0.0045384564,0.77404585,17.836535,129.11975,0.28400948,0,104.90851
SpMV,150000,22500000,0.001,0.164835,273,0.0069924094,0.532695,6.4355,39.0423,64,3.2,0.14006608,24,1.112,24.0468,288.384,0.0065657149,1.1015155,18.182405,127.472,1.0649883,0,104.90851
SpMV,200000,40000000,0.001,0.165289,484,0.015789709,1.23498,5.0666,30.6529,64,3.2,1.2159124,24,1.112,24.0468,288.384,0.010393967,1.6773151,33.65654,109.00374,1.5191225,0,104.90851
SpMV,250000,62500000,0.001,0.165563,755,0.024555055,1.93063,5.0906,30.7472,64,3.2,0.14709225,24,1.112,24.0468,288.384,0.019290446,3.1666282,19.892,135.832,1.2729128,0,104.90851
SpMV,300000,90000000,0.001,0.165746,1086,0.035244876,2.77744,5.1071,30.813,64,3.2,0.1493395,24,1.112,24.0468,288.384,0.028521241,4.6067009,19.666825,132.8695,1.2357413,0,104.90851
SpMV,400000,160000000,0.001,0.165975,1928,0.062423241,4.91645,5.1263,30.8859,64,3.2,1.5647805,24,1.112,24.0468,288.384,0.003957745,0.68718195,41.52065,113.05837,15.772426,0,104.90851
SpMV,500000,250000000,0.001,0.166113,3010,0.097402389,7.71164,5.1333,30.9027,64,3.2,0.150801,24,1.112,24.0468,288.384,0.0075498303,1.306483,22.117967,147.13267,12.901269,0,104.90851
SpMV,1000000,1000000000,0.001,0.166389,12020,0.3858581,30.1157,5.1833,31.1513,64,3.2,0.15772667,24,1.112,24.0468,288.384,0.035582853,5.9811337,22.355167,142.32033,10.843934,1,104.90851
SpMV,1000,1000,0.0001,0.0624922,0.032,3.8750919e-05,0.00268286,0.0516,0.8259,64,3.2,0.0825824,24,1.112,24.0468,288.384,1.331585e-05,0.0016288625,0.4794285,4.3792,2.9101348,0,104.90851
SpMV,2000,2000,0.0001,0.0624961,0.064,3.8093155e-05,0.00264275,0.105,1.6802,64,3.2,0.09243555,24,1.112,24.0468,288.384,1.492145e-05,0.0016888375,1.646911,12.565508,2.5529124,0,104.90851
SpMV,5000,5000,0.0001,0.0624984,0.16,3.8130586e-05,0.00271984,0.2623,4.1962,64,3.2,0.10282145,24,1.112,24.0468,288.384,2.34829e-05,0.00255208,3.8570982,28.387463,1.6237597,0,104.90851
SpMV,10000,10000,0.0001,0.0624992,0.32,3.7912947e-05,0.00283953,0.5275,8.4405,64,3.2,0.10794735,24,1.112,24.0468,288.384,4.10326e-05,0.0056353775,7.3921275,52.8825,0.92397135,0,104.90851
SpMV,12500,15625,0.0001,0.0714279,0.4375,3.7270128e-05,0.00279192,0.8385,11.7387,64,3.2,0.11136507,24,1.112,24.0468,288.384,5.37083e-05,0.0078031375,8.60267,61.5024,0.6939361,0,104.90851
SpMV,15000,22500,0.0001,0.0789468,0.57,3.7252623e-05,0.0027965,1.208,15.301,64,3.2,0.11407033,24,1.112,24.0468,288.384,6.8771225e-05,0.010623585,9.5970425,68.73525,0.5416891,0,104.90851
SpMV,60000,360000,0.0001,0.130435,5.52,4.243716e-05,0.00325806,16.9663,130.0748,64,3.2,0.13032547,24,1.112,24.0468,288.384,0.0010056245,0.15598552,14.561618,106.5183,0.042199809,0,104.90851
SpMV,75000,562500,0.0001,0.136364,8.25,5.742218e-05,0.0049365,19.5917,143.6728,64,3.2,0.13205097,24,1.112,24.0468,288.384,0.0016545889,0.24048425,15.442243,114.4165,0.034704801,0,104.90851
SpMV,100000,1000000,0.0001,0.142857,14,6.215898e-05,0.00565184,32.1756,225.229,64,3.2,1.145228,24,1.112,24.0468,288.384,0.0021642772,0.37476802,29.465082,104.07284,0.028720433,0,104.90851
SpMV,125000,1562500,0.0001,0.147059,21.25,0.00012128894,0.0084155,25.7649,175.2015,64,3.2,0.13735163,24,1.112,24.0468,288.384,0.0045384564,0.77404585,17.836535,129.11975,0.026724712,0,104.90851
SpMV,150000,2250000,0.0001,0.15,30,0.0001838679,0.0119128,24.4741,163.1606,64,3.2,0.14006608,24,1.112,24.0468,288.384,0.0065657149,1.1015155,18.182405,127.472,0.028004247,0,104.90851
SpMV,200000,4000000,0.0001,0.153846,52,0.00026089916,0.0175097,30.6632,199.3107,64,3.2,1.2159124,24,1.112,24.0468,288.384,0.010393967,1.6773151,33.65654,109.00374,0.025101019,0,104.90851
SpMV,250000,6250000,0.0001,0.15625,80,0.00031958418,0.021787,39.1133,250.3253,64,3.2,0.14709225,24,1.112,24.0468,288.384,0.019290446,3.1666282,19.892,135.832,0.016566967,0,104.90851
SpMV,300000,9000000,0.0001,0.157895,114,0.0004972652,0.0339342,36.198,229.2539,64,3.2,0.1493395,24,1.112,24.0468,288.384,0.028521241,4.6067009,19.666825,132.8695,0.017434908,0,104.90851
SpMV,400000,16000000,0.0001,0.16,200,0.0022292119,0.189064,14.3548,89.7178,64,3.2,1.5647805,24,1.112,24.0468,288.384,0.003957745,0.68718195,41.52065,113.05837,0.56325304,0,104.90851
SpMV,500000,25000000,0.0001,0.16129,310,0.0095149667,0.65804,5.2549,32.5803,64,3.2,0.150801,24,1.112,24.0468,288.384,0.0075498303,1.306483,22.117967,147.13267,1.2602888,0,104.90851
SpMV,1000000,100000000,0.0001,0.163934,1220,0.0408888,2.50049,4.8913,29.837,64,3.2,0.15772667,24,1.112,24.0468,288.384,0.035582853,5.9811337,22.355167,142.32033,1.1491153,0,104.90851
SpMV,2000000,400000000,0.0001,0.165289,4840,0.1631166,9.81311,4.9045,29.672,64,3.2,0.1595675,24,1.112,24.0468,288.384,0.01774859,3.1313435,23.9684,150.1715,9.1903979,0,104.90851
SpMV,1000,1000,1e-05,0.0624922,0.032,4.460661e-05,0.00234161,0.0448,0.7175,64,3.2,0.0825824,24,1.112,24.0468,288.384,1.331585e-05,0.0016288625,0.4794285,4.3792,3.3498883,0,104.90851
SpMV,2000,2000,1e-05,0.0624961,0.064,3.684661e-05,0.00256341,0.1086,1.737,64,3.2,0.09243555,24,1.112,24.0468,288.384,1.492145e-05,0.0016888375,1.646911,12.565508,2.4693719,0,104.90851
SpMV,5000,5000,1e-05,0.0624984,0.16,3.6932581e-05,0.00256945,0.2708,4.3323,64,3.2,0.10282145,24,1.112,24.0468,288.384,2.34829e-05,0.00255208,3.8570982,28.387463,1.5727436,0,104.90851
SpMV,10000,10000,1e-05,0.0624992,0.32,3.7647236e-05,0.00264135,0.5312,8.5001,64,3.2,0.10794735,24,1.112,24.0468,288.384,4.10326e-05,0.0056353775,7.3921275,52.8825,0.91749575,0,104.90851
SpMV,12500,12500,1e-05,0.0624994,0.4,3.7221699e-05,0.0025783,0.6717,10.7465,64,3.2,0.11136507,24,1.112,24.0468,288.384,5.37083e-05,0.0078031375,8.60267,61.5024,0.69303439,0,104.90851
SpMV,15000,15000,1e-05,0.0624995,0.48,3.7072373e-05,0.0026582,0.8092,12.9478,64,3.2,0.11407033,24,1.112,24.0468,288.384,6.8771225e-05,0.010623585,9.5970425,68.73525,0.53906809,0,104.90851
SpMV,60000,60000,1e-05,0.0624999,1.92,3.495434e-05,0.00307616,3.4331,54.9289,64,3.2,0.13032547,24,1.112,24.0468,288.384,0.0010056245,0.15598552,14.561618,106.5183,0.034758841,0,104.90851
SpMV,75000,75000,1e-05,0.0624999,2.4,3.692424e-05,0.00298584,4.0624,64.9981,64,3.2,0.13205097,24,1.112,24.0468,288.384,0.0016545889,0.24048425,15.442243,114.4165,0.022316262,0,104.90851
SpMV,100000,100000,1e-05,0.0624999,3.2,3.786024e-05,0.00310668,5.2826,84.5215,64,3.2,1.145228,24,1.112,24.0468,288.384,0.0021642772,0.37476802,29.465082,104.07284,0.017493249,0,104.90851
SpMV,125000,156250,1e-05,0.0714285,4.375,4.049552e-05,0.00316038,7.7169,108.0367,64,3.2,0.13735163,24,1.112,24.0468,288.384,0.0045384564,0.77404585,17.836535,129.11975,0.0089227518,0,104.90851
SpMV,150000,225000,1e-05,0.0789473,5.7,4.261588e-05,0.0031909,10.5594,133.7531,64,3.2,0.14006608,24,1.112,24.0468,288.384,0.0065657149,1.1015155,18.182405,127.472,0.0064906687,0,104.90851
SpMV,200000,400000,1e-05,0.090909,8.8,5.91304e-05,0.00425414,13.5294,148.8237,64,3.2,1.2159124,24,1.112,24.0468,288.384,0.010393967,1.6773151,33.65654,109.00374,0.0056889156,0,104.90851
SpMV,250000,625000,1e-05,0.1,12.5,7.252086e-05,0.00579344,17.2364,172.3643,64,3.2,0.14709225,24,1.112,24.0468,288.384,0.019290446,3.1666282,19.892,135.832,0.0037594185,0,104.90851
SpMV,300000,900000,1e-05,0.107143,16.8,8.17829e-05,0.00603514,22.0095,205.422,64,3.2,0.1493395,24,1.112,24.0468,288.384,0.028521241,4.6067009,19.666825,132.8695,0.0028674383,0,104.90851
SpMV,400000,1600000,1e-05,0.117647,27.2,0.00016280574,0.0104956,19.6553,167.0703,64,3.2,1.5647805,24,1.112,24.0468,288.384,0.003957745,0.68718195,41.52065,113.05837,0.041135985,0,104.90851
SpMV,500000,2500000,1e-05,0.125,40,0.00022909842,0.0156164,21.8247,174.5975,64,3.2,0.150801,24,1.112,24.0468,288.384,0.0075498303,1.306483,22.117967,147.13267,0.030344844,0,104.90851
SpMV,1000000,10000000,1e-05,0.142857,140,0.00066869178,0.0469872,29.9091,209.364,64,3.2,0.15772667,24,1.112,24.0468,288.384,0.035582853,5.9811337,22.355167,142.32033,0.018792529,0,104.90851
SpMV,2000000,40000000,1e-05,0.153846,520,0.016746037,1.05163,4.7772,31.0521,64,3.2,0.1595675,24,1.112,24.0468,288.384,0.01774859,3.1313435,23.9684,150.1715,0.94351366,0,104.90851
SpMV,5000000,250000000,1e-05,0.16129,3100,0.10844714,6.53381,4.6105,28.5854,64,3.2,0.16129,24,1.112,24.0468,288.384,0.022162,3.75052,22.5611,139.879,4.8933822,0,104.90851
SpMV,10000000,1000000000,1e-05,0.163934,12200,0.2557035,18.0688,7.8216,47.7115,64,3.2,0.163934,24,1.112,24.0468,288.384,0.0806244,14.0544,24.8064,151.319,3.1715399,0,104.90851
FFT,16384,0,0,4.37473,0.2622,6.7159363e-05,0.00413201,17.077,3.9036,64,3.2,684.85236,24,1.112,24.0468,288.384,22.464973,2808.4968,110.55435,2.9672695,2.9895146e-06,0,104.90851
FFT,24000,0,0,4.54692,0.384,8.413385e-05,0.00535399,20.7537,4.5643,64,3.2,4.54692,24,1.112,24.0468,288.384,4.41078e-05,0.00392824,39.5868,8.7063,1.9074597,0,104.90851
FFT,32768,0,0,4.68736,0.5243,9.66063e-05,0.00630126,25.4393,5.4272,64,3.2,4.68736,24,1.112,24.0468,288.384,5.31416e-05,0.00544762,46.2462,9.86616,1.8179035,0,104.90851
FFT,48000,0,0,4.85951,0.768,0.00013201596,0.00817991,28.2707,5.8176,64,3.2,4.85951,24,1.112,24.0468,288.384,5.86713e-05,0.00645158,63.6117,13.0902,2.2500943,0,104.90851
FFT,65536,0,0,4.99992,1.0486,0.00016416859,0.011101,31.936,6.3873,64,3.2,4.99992,24,1.112,24.0468,288.384,5.54251e-05,0.00588468,94.5939,18.9191,2.96199,0,104.90851
FFT,100000,0,0,5.19046,1.6,0.00026666297,0.0207739,31.1435,6.0001,64,3.2,1.145228,24,1.112,24.0468,288.384,0.0021642772,0.37476802,29.465082,104.07284,0.1232111,0,104.90851
FFT,131072,0,0,5.31246,2.0972,0.00022101712,0.018836,50.4084,9.4887,64,3.2,5.31246,24,1.112,24.0468,288.384,9.75757e-05,0.0107697,114.179,21.4927,2.2650836,0,104.90851
FFT,200000,0,0,5.50299,3.2,0.00039182299,0.0331438,44.9428,8.167,64,3.2,1.2159124,24,1.112,24.0468,288.384,0.010393967,1.6773151,33.65654,109.00374,0.037697156,0,104.90851
FFT,262144,0,0,5.62498,4.1943,0.00042109816,0.0345806,56.0272,9.9604,64,3.2,5.62498,24,1.112,24.0468,288.384,0.000192364,0.0231379,122.648,21.8041,2.1890695,0,104.90851
FFT,400000,0,0,5.8155,6.4,0.00060597332,0.0501574,61.4207,10.5615,64,3.2,1.5647805,24,1.112,24.0468,288.384,0.003957745,0.68718195,41.52065,113.05837,0.15311075,0,104.90851
FFT,524288,0,0,5.93749,8.3886,0.00080111222,0.0656828,62.1728,10.4712,64,3.2,5.93749,24,1.112,24.0468,288.384,0.00038999,0.0486417,127.714,21.5098,2.0541866,0,104.90851
FFT,800000,0,0,6.128,12.8,0.001022109,0.0831645,76.7419,12.5231,64,3.2,6.128,24,1.112,24.0468,288.384,0.000723228,0.0924569,108.456,17.6985,1.4132597,0,104.90851
FFT,1048576,0,0,6.24999,16.7772,0.0016018204,0.126323,65.4615,10.4739,64,3.2,6.24999,24,1.112,24.0468,288.384,0.000768862,0.101658,136.38,21.8209,2.0833652,0,104.90851
FFT,1600000,0,0,6.44051,25.6,0.012149579,0.876652,13.5706,2.1071,64,3.2,6.44051,24,1.112,24.0468,288.384,0.00134152,0.193013,122.903,19.0828,9.0565766,0,104.90851
FFT,2097152,0,0,6.5625,33.5544,0.0018267066,0.121771,120.5453,18.3688,64,3.2,6.5625,24,1.112,24.0468,288.384,0.00147009,0.202281,149.787,22.8248,1.2425815,0,104.90851
FFT,3000000,0,0,6.72391,48,0.0032054838,0.214483,100.6862,14.9743,64,3.2,6.72391,24,1.112,24.0468,288.384,0.00294057,0.417231,109.757,16.3233,1.0900893,0,104.90851
FFT,3200000,0,0,6.75301,51.2,0.0028362774,0.213146,121.9042,18.0518,64,3.2,6.75301,24,1.112,24.0468,288.384,0.00288088,0.392353,120.017,17.7723,0.98451772,0,104.90851
FFT,4194304,0,0,6.875,67.1089,0.007764614,0.625798,59.42,8.6429,64,3.2,6.875,24,1.112,24.0468,288.384,0.00292522,0.396656,157.723,22.9415,2.6543692,0,104.90851
FFT,6000000,0,0,7.03641,96,0.0078547543,0.551762,85.9984,12.2219,64,3.2,7.03641,24,1.112,24.0468,288.384,0.00581424,0.803513,116.18,16.5112,1.3509512,0,104.90851
FFT,6400000,0,0,7.06551,102.4,0.0084668444,0.594231,85.452,12.0942,64,3.2,7.06551,24,1.112,24.0468,288.384,0.00541899,0.772385,133.513,18.8965,1.5624396,0,104.90851
FFT,8388608,0,0,7.1875,134.2177,0.025173737,1.96535,38.3213,5.3317,64,3.2,7.1875,24,1.112,24.0468,288.384,0.00567426,0.796491,170.012,23.6538,4.4364793,0,104.90851
FFT,12000000,0,0,7.34892,192,0.026571702,1.79863,53.1013,7.2257,64,3.2,7.34892,24,1.112,24.0468,288.384,0.0117434,1.63836,120.152,16.3497,2.2626924,1,104.90851
FFT,12800000,0,0,7.37801,204.8,0.023070694,1.68846,65.4951,8.8771,64,3.2,7.37801,24,1.112,24.0468,288.384,0.0107729,1.52701,140.261,19.0106,2.1415491,0,104.90851
FFT,16777216,0,0,7.5,268.4355,0.051250168,3.11083,39.2831,5.2377,64,3.2,7.5,24,1.112,24.0468,288.384,0.0109682,1.54302,183.556,24.4741,4.6726143,0,104.90851
FFT,25000000,0,0,7.67982,400,0.054128236,3.0071,56.7528,7.3899,64,3.2,7.67982,24,1.112,24.0468,288.384,0.0240498,3.36435,127.732,16.6321,2.250673,1,104.90851
FFT,33554432,0,0,7.8125,536.8709,0.09851802,5.35525,42.574,5.4495,64,3.2,7.8125,24,1.112,24.0468,288.384,0.0214439,3.06443,195.594,25.036,4.5942212,1,104.90851
FFT,50000000,0,0,7.99232,800,0.10852605,6.5288,58.9154,7.3715,64,3.2,7.99232,24,1.112,24.0468,288.384,0.0488895,6.8855,130.782,16.3634,2.2198233,1,104.90851
FFT,67108864,0,0,8.125,1073.7418,0.19390801,10.9313,44.9912,5.5374,64,3.2,8.125,24,1.112,24.0468,288.384,0.049234,7.11625,177.198,21.809,3.938498,1,104.90851
