Kernel,N,nnz,Sparsity,op_intensity_cpu,Memoria_MB,Tiempo_CPU_s,Energia_CPU_J,GFLOPS_CPU,BW_Medido_GBps,CPU_Cores,CPU_Freq,op_intensity_gpu,gpu_sm_count,gpu_freq_ghz,gpu_mem_gb,gpu_mem_bw_gbps,gpu_time_s,gpu_energy_j,gflops_GPU,BW_GPU,speedup
GEMM,1024,0,0.0,85.3333,25.1658,0.0032043685,0.351044,670.1737,7.8536,8,2.27,85.3333,108.0,1.41,42.4059,1555.2,0.000223972,0.36106,9588.18,112.361,14.307004893468829
GEMM,1152,0,0.0,96.0,31.8505,0.004335311,0.471861,705.2891,7.3468,8,2.27,96.0,108.0,1.41,42.4059,1555.2,0.000304757,0.36323,10033.1,104.511,14.225468159878195
GEMM,1280,0,0.0,106.667,39.3216,0.006177645,0.68466,678.9487,6.3651,8,2.27,106.667,108.0,1.41,42.4059,1555.2,0.000427687,0.36706,9806.95,91.9401,14.44431324777232
GEMM,1408,0,0.0,117.333,47.5791,0.0078479475,1.02347,711.3476,6.0626,8,2.27,117.333,108.0,1.41,42.4059,1555.2,0.000519321,0.38426,10749.8,91.618,15.111939436302404
GEMM,1536,0,0.0,128.0,56.6231,0.0101034445,1.27151,717.3551,5.6043,8,2.27,128.0,108.0,1.41,42.4059,1555.2,0.000730855,0.41113,9916.82,77.4752,13.824143639983308
GEMM,1664,0,0.0,138.667,66.4535,0.0153412275,1.86633,600.6616,4.3317,8,2.27,138.667,108.0,1.41,42.4059,1555.2,0.000906743,0.36216,10162.6,73.2881,16.919047072875117
GEMM,1792,0,0.0,149.333,77.0703,0.018884479,2.33975,609.4513,4.0811,8,2.27,149.333,108.0,1.41,42.4059,1555.2,0.00103254,0.36004,11146.5,74.6416,18.289343754237123
GEMM,1920,0,0.0,160.0,88.4736,0.022752733,2.81893,622.1572,3.8885,8,2.27,160.0,108.0,1.41,42.4059,1555.2,0.00125751,0.36008,11257.0,70.3561,18.093480767548566
GEMM,2048,0,0.0,170.667,100.6633,0.029038784,3.52178,591.6181,3.4665,8,2.27,170.667,108.0,1.41,42.4059,1555.2,0.00153804,0.36004,11170.0,65.4489,18.88038282489402
GEMM,2304,0,0.0,192.0,127.402,0.038659975,4.78105,632.7262,3.2954,8,2.27,192.0,108.0,1.41,42.4059,1555.2,0.00206291,0.36008,11857.6,61.7585,18.74050491781028
GEMM,2560,0,0.0,213.333,157.2864,0.052334319,6.40691,641.1554,3.0054,8,2.27,213.333,108.0,1.41,42.4059,1555.2,0.00332957,0.36102,10077.7,47.2393,15.718041368705268
GEMM,2816,0,0.0,234.667,190.3165,0.070732659,8.66673,631.4049,2.6906,8,2.27,234.667,108.0,1.41,42.4059,1555.2,0.004327,0.35005,10321.5,43.9835,16.346812803327943
GEMM,3072,0,0.0,256.0,226.4924,0.087109574,10.8163,665.6221,2.6001,8,2.27,256.0,108.0,1.41,42.4059,1555.2,0.00579087,0.35115,10012.7,39.112,15.042571150794268
GEMM,3328,0,0.0,277.333,265.814,0.098925477,12.5967,745.1982,2.687,8,2.27,277.333,108.0,1.41,42.4059,1555.2,0.00738758,0.35698,9978.79,35.9812,13.390782502524509
GEMM,3584,0,0.0,298.667,308.2813,0.121508102,15.6104,757.7549,2.5371,8,2.27,298.667,108.0,1.41,42.4059,1555.2,0.00849337,0.35604,10840.6,36.2967,14.306229682681904
GEMM,3840,0,0.0,320.0,353.8944,0.148102997,19.0666,764.6449,2.3895,8,2.27,320.0,108.0,1.41,42.4059,1555.2,0.0085518,0.368,13242.4,41.3824,17.318341986482377
GEMM,4096,0,0.0,341.333,402.6532,0.18518595,24.395,742.1673,2.1743,8,2.27,341.333,108.0,1.41,42.4059,1555.2,0.00820414,0.4433,16752.4,49.0793,22.572256202356368
GEMM,4608,0,0.0,384.0,509.6079,0.250948342,32.6579,779.7997,2.0307,8,2.27,384.0,108.0,1.41,42.4059,1555.2,0.0109939,2.22392,17799.8,46.3535,22.826143770636445
GEMM,5120,0,0.0,426.667,629.1456,0.350458649,45.6115,765.9547,1.7952,8,2.27,426.667,108.0,1.41,42.4059,1555.2,0.0228201,3.88284,11763.1,27.5698,15.357454568560174
GEMM,5632,0,0.0,469.333,761.2662,0.454008779,59.6761,786.9619,1.6768,8,2.27,469.333,108.0,1.41,42.4059,1555.2,0.0209859,8.35512,17025.1,36.275,21.63399134657079
GEMM,6144,0,0.0,512.0,905.9697,0.607802246,80.436,763.17,1.4906,8,2.27,512.0,108.0,1.41,42.4059,1555.2,0.028912,1.71225,16043.7,31.3354,21.02249052296624
GEMM,6656,0,0.0,554.667,1063.2561,0.754552777,98.3995,781.5924,1.4091,8,2.27,554.667,108.0,1.41,42.4059,1555.2,0.0361742,10.1592,16303.1,29.3927,20.85886562798901
GEMM,7168,0,0.0,597.333,1233.1254,0.947286961,124.625,777.5752,1.3017,8,2.27,597.333,108.0,1.41,42.4059,1555.2,0.0460205,13.0321,16005.6,26.7952,20.584021490422742
GEMM,7680,0,0.0,640.0,1415.5776,1.1401819,150.681,794.5834,1.2415,8,2.27,640.0,108.0,1.41,42.4059,1555.2,0.0582518,15.2909,15552.6,24.301,19.57333335622247
GEMM,8192,0,0.0,682.667,1610.6127,1.48354556,191.949,741.1378,1.0857,8,2.27,682.667,108.0,1.41,42.4059,1555.2,0.0704992,20.4649,15596.1,22.8458,21.043438223412466
GEMM,9216,0,0.0,768.0,2038.4317,1.99236053,263.702,785.7592,1.0231,8,2.27,768.0,108.0,1.41,42.4059,1555.2,0.0934851,22.8632,16746.1,21.8049,21.312065024265895
GEMM,10240,0,0.0,853.333,2516.5824,2.80483389,368.186,765.6367,0.8972,8,2.27,853.333,108.0,1.41,42.4059,1555.2,0.130942,32.8229,16400.3,19.2191,21.42042957950848
GEMM,11264,0,0.0,938.667,3045.0647,3.66508352,480.35,779.8733,0.8308,8,2.27,938.667,108.0,1.41,42.4059,1555.2,0.183518,47.2967,15575.0,16.5927,19.971248160943343
GEMM,12288,0,0.0,1024.0,3623.8787,4.90171381,644.038,757.0519,0.7393,8,2.27,1024.0,108.0,1.41,42.4059,1555.2,0.230713,59.2992,16084.3,15.7073,21.245936769926278
GEMM,13312,0,0.0,1109.33,4253.0243,6.01537487,795.29,784.3271,0.707,8,2.27,1109.33,108.0,1.41,42.4059,1555.2,0.306896,75.0488,15373.4,13.8582,19.600694925968405
GEMM,14336,0,0.0,1194.67,4932.5015,7.6977347,1011.86,765.5103,0.6408,8,2.27,1194.67,108.0,1.41,42.4059,1555.2,0.381316,94.7213,15453.6,12.9355,20.187284824135364
GEMM,15360,0,0.0,1280.0,5662.3104,9.15852194,1224.88,791.3676,0.6183,8,2.27,1280.0,108.0,1.41,42.4059,1555.2,0.443614,113.409,16338.0,12.764,20.645250014652376
GEMM,16384,0,0.0,1365.33,6442.4509,12.2578882,1566.83,717.5863,0.5256,8,2.27,684.852365,108.0,1.41,42.4059,1555.2,0.28555231425,71.25912212,7724.53365,10.9629,42.92694398991375
SpMV,1000,10000,0.01,0.142853,0.14,6.588082e-06,0.000631102,3.0358,21.2511,8,2.27,0.0825824,108.0,1.41,42.4059,1555.2,1.00336425e-05,0.00353698,0.64190675,5.8454725,0.656599236020219
SpMV,2000,40000,0.01,0.153845,0.52,1.1653694e-05,0.00112866,6.8648,44.6214,8,2.27,0.09243555,108.0,1.41,42.4059,1555.2,1.07304e-05,0.00357187,2.3093575,17.5885525,1.0860446954447178
SpMV,5000,250000,0.01,0.16129,3.1,5.2170602e-05,0.00497289,9.5839,59.4205,8,2.27,0.10282145,108.0,1.41,42.4059,1555.2,1.1417925e-05,0.0011271525,11.829851,79.78445,4.569184155614965
SpMV,10000,1000000,0.01,0.163934,12.2,0.000156578899,0.0157718,12.7731,77.916,8,2.27,0.10794735,108.0,1.41,42.4059,1555.2,1.30647e-05,0.00135108,33.68332,217.981225,11.98488285226603
SpMV,12500,1562500,0.01,0.164474,19.0,0.000231460593,0.0235385,13.5012,82.0874,8,2.27,0.111365075,108.0,1.41,42.4059,1555.2,1.40169e-05,0.0016174925,44.77722249999999,287.84665,16.512965991053658
SpMV,15000,2250000,0.01,0.164835,27.3,0.000339827145,0.0345801,13.242,80.335,8,2.27,0.114070325,108.0,1.41,42.4059,1555.2,1.598345e-05,0.00170081,51.8236475,332.035625,21.26118860446274
SpMV,20000,4000000,0.01,0.165289,48.4,0.000685795412,0.0696061,11.6653,70.575,8,2.27,0.118135825,108.0,1.41,42.4059,1555.2,2.2212425e-05,0.0033387775,55.85616,361.57735,30.874405293433743
SpMV,25000,6250000,0.01,0.165563,75.5,0.00131304136,0.131064,9.5199,57.5001,8,2.27,0.1210781,108.0,1.41,42.4059,1555.2,2.79917e-05,0.0054560175,66.6055975,430.47345,46.908239228056885
SpMV,30000,9000000,0.01,0.165746,108.6,0.00181520306,0.18045,9.9162,59.828,8,2.27,0.123320925,108.0,1.41,42.4059,1555.2,3.56326e-05,0.00757273,73.8361825,477.535175,50.94220068139849
SpMV,40000,16000000,0.01,0.165975,192.8,0.00320567772,0.318543,9.9823,60.1433,8,2.27,0.12653045,108.0,1.41,42.4059,1555.2,5.50146e-05,0.012376025,87.2442325,565.4955,58.26958152926677
SpMV,50000,25000000,0.01,0.166113,301.0,0.00542373326,0.538603,9.2187,55.4968,8,2.27,0.1287257,108.0,1.41,42.4059,1555.2,8.0508675e-05,0.0195056925,95.7996975,621.74475,67.36830857047393
SpMV,60000,36000000,0.01,0.166205,433.2,0.0073957495,0.739957,9.7353,58.5742,8,2.27,0.130325475,108.0,1.41,42.4059,1555.2,0.00011627385,0.027408225,97.5351975,637.60925,63.6063009868513
SpMV,75000,56250000,0.01,0.166297,676.5,0.0119299597,1.21909,9.43,56.706,8,2.27,0.132050975,108.0,1.41,42.4059,1555.2,0.0001865068,0.044820515,105.174675,691.289,63.96528008630247
SpMV,100000,100000000,0.01,0.166389,1202.0,0.0214430286,2.19014,9.327,56.0555,8,2.27,1.14522798,108.0,1.41,42.4059,1555.2,0.00029446208,0.07975752,172.75946,596.7737800000001,72.82101858412466
SpMV,125000,156250000,0.01,0.166445,1877.5,0.0332545635,3.4011,9.3972,56.4584,8,2.27,0.137351625,108.0,1.41,42.4059,1555.2,0.00062646075,0.15128955,122.760825,814.95025,53.08323546207803
SpMV,150000,225000000,0.01,0.166482,2703.0,0.0472001123,4.87744,9.5339,57.2668,8,2.27,0.140066075,108.0,1.41,42.4059,1555.2,0.0009279678,0.24008215,117.04255,774.27375,50.86395486998579
SpMV,200000,400000000,0.01,0.166528,4804.0,0.0846346792,8.70362,9.4524,56.7616,8,2.27,1.2159124,108.0,1.41,42.4059,1555.2,0.0013736189,0.336640472,261.23632000000003,700.6225999999999,61.61438168912789
SpMV,250000,625000000,0.01,0.166556,7505.0,0.112572803,11.9339,11.1039,66.668,8,2.27,0.14709225,108.0,1.41,42.4059,1555.2,0.00259398435,0.62792525,135.30115,900.6195,43.39764154706639
SpMV,300000,900000000,0.01,0.166574,10806.0,0.16786645,17.9208,10.7228,64.3726,8,2.27,0.1493395,108.0,1.41,42.4059,1555.2,0.0036412372,0.9169446,140.321925,927.0245,46.101487153871766
SpMV,1000,1000,0.001,0.0624922,0.032,3.531028e-06,0.000343078,0.5664,9.0636,8,2.27,0.0825824,108.0,1.41,42.4059,1555.2,1.00336425e-05,0.00353698,0.64190675,5.8454725,0.3519188569853869
SpMV,2000,4000,0.001,0.090905,0.088,3.886445e-06,0.000361327,2.0584,22.6438,8,2.27,0.09243555,108.0,1.41,42.4059,1555.2,1.07304e-05,0.00357187,2.3093575,17.5885525,0.3621901327070753
SpMV,5000,25000,0.001,0.124999,0.4,1.4321989e-05,0.00140167,3.4911,27.9294,8,2.27,0.10282145,108.0,1.41,42.4059,1555.2,1.1417925e-05,0.0011271525,11.829851,79.78445,1.2543425359686633
SpMV,10000,100000,0.001,0.142857,1.4,3.5165099e-05,0.00338848,5.6875,39.8123,8,2.27,0.10794735,108.0,1.41,42.4059,1555.2,1.30647e-05,0.00135108,33.68332,217.981225,2.691611671144381
SpMV,12500,156250,0.001,0.147059,2.125,4.3158688e-05,0.0041837,7.2407,49.237,8,2.27,0.111365075,108.0,1.41,42.4059,1555.2,1.40169e-05,0.0016174925,44.77722249999999,287.84665,3.0790465794861914
SpMV,15000,225000,0.001,0.15,3.0,5.1030342e-05,0.0049486,8.8183,58.7886,8,2.27,0.114070325,108.0,1.41,42.4059,1555.2,1.598345e-05,0.00170081,51.8236475,332.035625,3.1926988228448803
SpMV,20000,400000,0.001,0.153846,5.2,8.7640792e-05,0.00852616,9.1282,59.3331,8,2.27,0.118135825,108.0,1.41,42.4059,1555.2,2.2212425e-05,0.0033387775,55.85616,361.57735,3.945575145442247
SpMV,25000,625000,0.001,0.15625,8.0,0.000135551149,0.0132247,9.2216,59.0183,8,2.27,0.1210781,108.0,1.41,42.4059,1555.2,2.79917e-05,0.0054560175,66.6055975,430.47345,4.8425479338518205
SpMV,30000,900000,0.001,0.157895,11.4,0.000162748546,0.0162081,11.06,70.0467,8,2.27,0.123320925,108.0,1.41,42.4059,1555.2,3.56326e-05,0.00757273,73.8361825,477.535175,4.567405858679973
SpMV,40000,1600000,0.001,0.16,20.0,0.000257812735,0.0263551,12.4121,77.5757,8,2.27,0.12653045,108.0,1.41,42.4059,1555.2,5.50146e-05,0.012376025,87.2442325,565.4955,4.686260283633799
SpMV,50000,2500000,0.001,0.16129,31.0,0.00044203064,0.0450744,11.3114,70.1309,8,2.27,0.1287257,108.0,1.41,42.4059,1555.2,8.0508675e-05,0.0195056925,95.7996975,621.74475,5.4904721758245305
SpMV,60000,3600000,0.001,0.162162,44.4,0.0006459989,0.0673277,11.1455,68.7308,8,2.27,0.130325475,108.0,1.41,42.4059,1555.2,0.00011627385,0.027408225,97.5351975,637.60925,5.555839941654981
SpMV,75000,5625000,0.001,0.163043,69.0,0.00108329524,0.11497,10.385,63.6946,8,2.27,0.132050975,108.0,1.41,42.4059,1555.2,0.0001865068,0.044820515,105.174675,691.289,5.808341787001868
SpMV,100000,10000000,0.001,0.163934,122.0,0.00187886004,0.203039,10.6448,64.933,8,2.27,1.14522798,108.0,1.41,42.4059,1555.2,0.00029446208,0.07975752,172.75946,596.7737800000001,6.380651933179308
SpMV,125000,15625000,0.001,0.164474,190.0,0.00286912866,0.303124,10.8918,66.2222,8,2.27,0.137351625,108.0,1.41,42.4059,1555.2,0.00062646075,0.15128955,122.760825,814.95025,4.579901709724032
SpMV,150000,22500000,0.001,0.164835,273.0,0.00462718774,0.499091,9.7251,58.9991,8,2.27,0.140066075,108.0,1.41,42.4059,1555.2,0.0009279678,0.24008215,117.04255,774.27375,4.986366703672261
SpMV,200000,40000000,0.001,0.165289,484.0,0.0080935558,0.876837,9.8844,59.8007,8,2.27,1.2159124,108.0,1.41,42.4059,1555.2,0.0013736189,0.336640472,261.23632000000003,700.6225999999999,5.892140680359015
SpMV,250000,62500000,0.001,0.165563,755.0,0.0137807984,1.48585,9.0706,54.7864,8,2.27,0.14709225,108.0,1.41,42.4059,1555.2,0.00259398435,0.62792525,135.30115,900.6195,5.312598898293277
SpMV,300000,90000000,0.001,0.165746,1086.0,0.0191383836,2.07337,9.4052,56.7446,8,2.27,0.1493395,108.0,1.41,42.4059,1555.2,0.0036412372,0.9169446,140.321925,927.0245,5.256011226074478
SpMV,400000,160000000,0.001,0.165975,1928.0,0.0328850854,3.59462,9.7309,58.6284,8,2.27,1.2851438,108.0,1.41,42.4059,1555.2,0.005075361,1.22410484,396.203,850.8394000000001,6.479358886983606
SpMV,500000,250000000,0.001,0.166113,3010.0,0.0542452943,5.89256,9.2174,55.4887,8,2.27,,,,,,,,,,
SpMV,1000000,1000000000,0.001,0.166389,12020.0,0.211673322,23.227,9.4485,56.7856,8,2.27,,,,,,,,,,
SpMV,1000,1000,0.0001,0.0624922,0.032,3.397746e-06,0.000342651,0.5886,9.4192,8,2.27,0.0825824,108.0,1.41,42.4059,1555.2,1.00336425e-05,0.00353698,0.64190675,5.8454725,0.3386353460370947
SpMV,2000,2000,0.0001,0.0624961,0.064,3.563636e-06,0.000368163,1.1224,17.9603,8,2.27,0.09243555,108.0,1.41,42.4059,1555.2,1.07304e-05,0.00357187,2.3093575,17.5885525,0.3321065384328636
SpMV,5000,5000,0.0001,0.0624984,0.16,3.922538e-06,0.000371765,2.5494,40.7909,8,2.27,0.10282145,108.0,1.41,42.4059,1555.2,1.1417925e-05,0.0011271525,11.829851,79.78445,0.3435421059430676
SpMV,10000,10000,0.0001,0.0624992,0.32,4.593662e-06,0.000470701,4.3538,69.6621,8,2.27,0.10794735,108.0,1.41,42.4059,1555.2,1.30647e-05,0.00135108,33.68332,217.981225,0.3516086860012093
SpMV,12500,15625,0.0001,0.0714279,0.4375,6.55177e-06,0.000667906,4.7697,66.7765,8,2.27,0.111365075,108.0,1.41,42.4059,1555.2,1.40169e-05,0.0016174925,44.77722249999999,287.84665,0.4674193295236464
SpMV,15000,22500,0.0001,0.0789468,0.57,7.655908e-06,0.000770506,5.8778,74.4528,8,2.27,0.114070325,108.0,1.41,42.4059,1555.2,1.598345e-05,0.00170081,51.8236475,332.035625,0.4789897049760845
SpMV,20000,40000,0.0001,0.0909087,0.88,8.717922e-06,0.000899839,9.1765,100.9419,8,2.27,0.118135825,108.0,1.41,42.4059,1555.2,2.2212425e-05,0.0033387775,55.85616,361.57735,0.3924795244103244
SpMV,25000,62500,0.0001,0.0999997,1.25,1.010575e-05,0.00102527,12.3692,123.6924,8,2.27,0.1210781,108.0,1.41,42.4059,1555.2,2.79917e-05,0.0054560175,66.6055975,430.47345,0.3610266614746514
SpMV,30000,90000,0.0001,0.107143,1.68,1.160689e-05,0.00124475,15.508,144.742,8,2.27,0.123320925,108.0,1.41,42.4059,1555.2,3.56326e-05,0.00757273,73.8361825,477.535175,0.3257379478342865
SpMV,40000,160000,0.0001,0.117647,2.72,1.7109874e-05,0.00181658,18.7027,158.9728,8,2.27,0.12653045,108.0,1.41,42.4059,1555.2,5.50146e-05,0.012376025,87.2442325,565.4955,0.3110060602094716
SpMV,50000,250000,0.0001,0.125,4.0,0.00011280032,0.011521,4.4326,35.4609,8,2.27,0.1287257,108.0,1.41,42.4059,1555.2,8.0508675e-05,0.0195056925,95.7996975,621.74475,1.4010952235892593
SpMV,60000,360000,0.0001,0.130435,5.52,0.0001329719,0.0135083,5.4147,41.5126,8,2.27,0.130325475,108.0,1.41,42.4059,1555.2,0.00011627385,0.027408225,97.5351975,637.60925,1.1436096766383843
SpMV,75000,562500,0.0001,0.136364,8.25,0.00016753188,0.0156762,6.7151,49.2444,8,2.27,0.132050975,108.0,1.41,42.4059,1555.2,0.0001865068,0.044820515,105.174675,691.289,0.8982615111084421
SpMV,100000,1000000,0.0001,0.142857,14.0,0.00032324412,0.0319237,6.1873,43.3109,8,2.27,1.14522798,108.0,1.41,42.4059,1555.2,0.00029446208,0.07975752,172.75946,596.7737800000001,1.097744470187808
SpMV,125000,1562500,0.0001,0.147059,21.25,0.0004043481,0.0399035,7.7285,52.5537,8,2.27,0.137351625,108.0,1.41,42.4059,1555.2,0.00062646075,0.15128955,122.760825,814.95025,0.6454484179575496
SpMV,150000,2250000,0.0001,0.15,30.0,0.00048957458,0.0508946,9.1917,61.2777,8,2.27,0.140066075,108.0,1.41,42.4059,1555.2,0.0009279678,0.24008215,117.04255,774.27375,0.527577120671644
SpMV,200000,4000000,0.0001,0.153846,52.0,0.00093377096,0.09952,8.5674,55.6882,8,2.27,1.2159124,108.0,1.41,42.4059,1555.2,0.0013736189,0.336640472,261.23632000000003,700.6225999999999,0.6797889574757598
SpMV,250000,6250000,0.0001,0.15625,80.0,0.0014855608,0.158512,8.4143,53.8517,8,2.27,0.14709225,108.0,1.41,42.4059,1555.2,0.00259398435,0.62792525,135.30115,900.6195,0.5726945885390557
SpMV,300000,9000000,0.0001,0.157895,114.0,0.0019132829,0.207591,9.4079,59.5835,8,2.27,0.1493395,108.0,1.41,42.4059,1555.2,0.0036412372,0.9169446,140.321925,927.0245,0.5254485755555831
SpMV,400000,16000000,0.0001,0.16,200.0,0.00332999478,0.360448,9.6096,60.0602,8,2.27,1.2851438,108.0,1.41,42.4059,1555.2,0.005075361,1.22410484,396.203,850.8394000000001,0.6561099358252547
SpMV,500000,25000000,0.0001,0.16129,310.0,0.00532237552,0.579731,9.3943,58.2447,8,2.27,,,,,,,,,,
SpMV,1000000,100000000,0.0001,0.163934,1220.0,0.0209016713,2.27001,9.5686,58.3685,8,2.27,,,,,,,,,,
SpMV,2000000,400000000,0.0001,0.165289,4840.0,0.0822462375,8.74936,9.7269,58.8477,8,2.27,,,,,,,,,,
SpMV,1000,1000,1e-05,0.0624922,0.032,3.376091e-06,0.000290466,0.5924,9.4796,8,2.27,0.0825824,108.0,1.41,42.4059,1555.2,1.00336425e-05,0.00353698,0.64190675,5.8454725,0.3364771068931348
SpMV,2000,2000,1e-05,0.0624961,0.064,3.530211e-06,0.00035205,1.1331,18.1304,8,2.27,0.09243555,108.0,1.41,42.4059,1555.2,1.07304e-05,0.00357187,2.3093575,17.5885525,0.3289915566987251
SpMV,5000,5000,1e-05,0.0624984,0.16,3.919009e-06,0.000370361,2.5517,40.8277,8,2.27,0.10282145,108.0,1.41,42.4059,1555.2,1.1417925e-05,0.0011271525,11.829851,79.78445,0.3432330305199937
SpMV,10000,10000,1e-05,0.0624992,0.32,4.522034e-06,0.000472106,4.4228,70.7655,8,2.27,0.10794735,108.0,1.41,42.4059,1555.2,1.30647e-05,0.00135108,33.68332,217.981225,0.3461261261261261
SpMV,12500,12500,1e-05,0.0624994,0.4,4.802982e-06,0.000485045,5.2051,83.2824,8,2.27,0.111365075,108.0,1.41,42.4059,1555.2,1.40169e-05,0.0016174925,44.77722249999999,287.84665,0.3426565075016587
SpMV,15000,15000,1e-05,0.0624995,0.48,5.25227e-06,0.000486754,5.7118,91.3898,8,2.27,0.114070325,108.0,1.41,42.4059,1555.2,1.598345e-05,0.00170081,51.8236475,332.035625,0.3286067776356168
SpMV,20000,20000,1e-05,0.0624996,0.64,5.931191e-06,0.00058795,6.744,107.9048,8,2.27,0.118135825,108.0,1.41,42.4059,1555.2,2.2212425e-05,0.0033387775,55.85616,361.57735,0.2670213180235836
SpMV,25000,25000,1e-05,0.0624997,0.8,6.640582e-06,0.000689268,7.5295,120.472,8,2.27,0.1210781,108.0,1.41,42.4059,1555.2,2.79917e-05,0.0054560175,66.6055975,430.47345,0.2372339657827142
SpMV,30000,30000,1e-05,0.0624997,0.96,7.4895e-06,0.000788267,8.0112,128.18,8,2.27,0.123320925,108.0,1.41,42.4059,1555.2,3.56326e-05,0.00757273,73.8361825,477.535175,0.2101867391096916
SpMV,40000,40000,1e-05,0.0624998,1.28,8.741172e-06,0.000914488,9.1521,146.4339,8,2.27,0.12653045,108.0,1.41,42.4059,1555.2,5.50146e-05,0.012376025,87.2442325,565.4955,0.1588882223991449
SpMV,50000,50000,1e-05,0.0624998,1.6,1.019792e-05,0.0018396,9.8059,156.8951,8,2.27,0.1287257,108.0,1.41,42.4059,1555.2,8.0508675e-05,0.0195056925,95.7996975,621.74475,0.1266685857145208
SpMV,60000,60000,1e-05,0.0624999,1.92,1.174192e-05,0.0,10.2198,163.517,8,2.27,0.130325475,108.0,1.41,42.4059,1555.2,0.00011627385,0.027408225,97.5351975,637.60925,0.1009850452186798
SpMV,75000,75000,1e-05,0.0624999,2.4,1.37691e-05,0.0018811,10.894,174.3036,8,2.27,0.132050975,108.0,1.41,42.4059,1555.2,0.0001865068,0.044820515,105.174675,691.289,0.073826262634928
SpMV,100000,100000,1e-05,0.0624999,3.2,1.73099e-05,0.00212402,11.5541,184.8655,8,2.27,1.14522798,108.0,1.41,42.4059,1555.2,0.00029446208,0.07975752,172.75946,596.7737800000001,0.0587848187447429
SpMV,125000,156250,1e-05,0.0714285,4.375,3.782106e-05,0.00402098,8.2626,115.6764,8,2.27,0.137351625,108.0,1.41,42.4059,1555.2,0.00062646075,0.15128955,122.760825,814.95025,0.0603725931752308
SpMV,150000,225000,1e-05,0.0789473,5.7,4.50762e-05,0.00390256,9.9831,126.4526,8,2.27,0.140066075,108.0,1.41,42.4059,1555.2,0.0009279678,0.24008215,117.04255,774.27375,0.0485751768541968
SpMV,200000,400000,1e-05,0.090909,8.8,5.898974e-05,0.00631956,13.5617,149.1786,8,2.27,1.2159124,108.0,1.41,42.4059,1555.2,0.0013736189,0.336640472,261.23632000000003,700.6225999999999,0.042944764373874
SpMV,250000,625000,1e-05,0.1,12.5,7.404248e-05,0.0089758,16.8822,168.8221,8,2.27,0.14709225,108.0,1.41,42.4059,1555.2,0.00259398435,0.62792525,135.30115,900.6195,0.0285439193185571
SpMV,300000,900000,1e-05,0.107143,16.8,8.854574e-05,0.00987424,20.3285,189.7325,8,2.27,0.1493395,108.0,1.41,42.4059,1555.2,0.0036412372,0.9169446,140.321925,927.0245,0.024317487473763
SpMV,400000,1600000,1e-05,0.117647,27.2,0.00014557962,0.0185388,21.9811,186.8394,8,2.27,1.2851438,108.0,1.41,42.4059,1555.2,0.005075361,1.22410484,396.203,850.8394000000001,0.0286835990582738
SpMV,500000,2500000,1e-05,0.125,40.0,0.00111416624,0.110049,4.4877,35.9013,8,2.27,,,,,,,,,,
SpMV,1000000,10000000,1e-05,0.142857,140.0,0.00334761572,0.354765,5.9744,41.8208,8,2.27,,,,,,,,,,
SpMV,2000000,40000000,1e-05,0.153846,520.0,0.00991461686,1.07852,8.0689,52.4478,8,2.27,,,,,,,,,,
SpMV,5000000,250000000,1e-05,0.16129,3100.0,0.054230525,5.88551,9.2199,57.1634,8,2.27,,,,,,,,,,
SpMV,10000000,1000000000,1e-05,0.163934,12200.0,0.207450783,22.04,9.6408,58.8091,8,2.27,,,,,,,,,,
FFT,16384,0,0.0,4.37473,0.2622,2.4585078e-05,0.00245886,46.6494,10.6634,8,2.27,684.852365,108.0,1.41,42.4059,1555.2,0.28555231425,71.25912212,7724.53365,10.9629,8.609658116262316e-05
FFT,24000,0,0.0,4.54692,0.384,3.009186e-05,0.00296753,58.0253,12.7615,8,2.27,4.54692,108.0,1.41,42.4059,1555.2,1.80542e-05,0.0011182,96.7139,21.2702,1.6667512268613396
FFT,32768,0,0.0,4.68736,0.5243,4.091138e-05,0.00400878,60.0713,12.8156,8,2.27,4.68736,108.0,1.41,42.4059,1555.2,4.67572e-05,0.00340818,52.5609,11.2133,0.874974977115824
FFT,48000,0,0.0,4.85951,0.768,3.999303e-05,0.00394957,93.3207,19.2037,8,2.27,4.85951,108.0,1.41,42.4059,1555.2,1.97638e-05,0.00126092,188.839,38.8598,2.023549621024297
FFT,65536,0,0.0,4.99992,1.0486,4.919993e-05,0.00514892,106.5628,21.3129,8,2.27,4.99992,108.0,1.41,42.4059,1555.2,1.78925e-05,0.00131446,293.022,58.6052,2.7497515718876624
FFT,100000,0,0.0,5.19046,1.6,8.31371e-05,0.00823606,99.8931,19.2455,8,2.27,1.14522798,108.0,1.41,42.4059,1555.2,0.00029446208,0.07975752,172.75946,596.7737800000001,0.2823355047957278
FFT,131072,0,0.0,5.31246,2.0972,9.328016e-05,0.00951719,119.4372,22.4825,8,2.27,5.31246,108.0,1.41,42.4059,1555.2,1.84689e-05,0.0015114,603.236,113.551,5.050661382107219
FFT,200000,0,0.0,5.50299,3.2,0.00012278454,0.0130401,143.419,26.062,8,2.27,1.2159124,108.0,1.41,42.4059,1555.2,0.0013736189,0.336640472,261.23632000000003,700.6225999999999,0.0893876314602252
FFT,262144,0,0.0,5.62498,4.1943,0.00017635756,0.0194384,133.7791,23.783,8,2.27,5.62498,108.0,1.41,42.4059,1555.2,2.3565e-05,0.00400904,1001.18,177.989,7.483876936134097
FFT,400000,0,0.0,5.8155,6.4,0.00022713877,0.0253979,163.8614,28.1767,8,2.27,1.2851438,108.0,1.41,42.4059,1555.2,0.005075361,1.22410484,396.203,850.8394000000001,0.0447532244504381
FFT,524288,0,0.0,5.93749,8.3886,0.00034054641,0.0374102,146.2572,24.6328,8,2.27,5.93749,108.0,1.41,42.4059,1555.2,2.87296e-05,0.00469192,1733.66,291.986,11.85350335542437
FFT,800000,0,0.0,6.128,12.8,0.00051995526,0.0576231,150.8564,24.6175,8,2.27,6.128,108.0,1.41,42.4059,1555.2,4.08871e-05,0.0075054,1918.42,313.057,12.716853481905051
FFT,1048576,0,0.0,6.24999,16.7772,0.00104894623,0.11131,99.9647,15.9944,8,2.27,6.24999,108.0,1.41,42.4059,1555.2,4.91179e-05,0.034577,2134.81,341.57,21.355681533616053
FFT,1600000,0,0.0,6.44051,25.6,0.0013108013,0.139947,125.7835,19.5301,8,2.27,6.44051,108.0,1.41,42.4059,1555.2,7.13842e-05,0.0169766,2309.71,358.623,18.362625062688945
FFT,2097152,0,0.0,6.5625,33.5544,0.0023093141,0.242022,95.3534,14.53,8,2.27,6.5625,108.0,1.41,42.4059,1555.2,0.000120523,0.024234,1827.04,278.407,19.16077512176099
FFT,3000000,0,0.0,6.72391,48.0,0.0030135213,0.321447,107.0999,15.9282,8,2.27,6.72391,108.0,1.41,42.4059,1555.2,0.000170357,0.023219,1894.54,281.762,17.689448041465862
FFT,3200000,0,0.0,6.75301,51.2,0.0036214346,0.379363,95.4744,14.138,8,2.27,6.75301,108.0,1.41,42.4059,1555.2,0.000169239,0.0211684,2043.0,302.532,21.398345535012613
FFT,4194304,0,0.0,6.875,67.1089,0.0052881354,0.556645,87.2469,12.6905,8,2.27,6.875,108.0,1.41,42.4059,1555.2,0.000216187,0.0285648,2134.14,310.421,24.46093150837007
FFT,6000000,0,0.0,7.03641,96.0,0.0066929755,0.714891,100.9261,14.3434,8,2.27,7.03641,108.0,1.41,42.4059,1555.2,0.000375957,0.0239924,1796.74,255.349,17.802502679827747
FFT,6400000,0,0.0,7.06551,102.4,0.0066781814,0.713774,108.3391,15.3335,8,2.27,7.06551,108.0,1.41,42.4059,1555.2,0.000358437,0.022286,2018.51,285.685,18.631395196366444
FFT,8388608,0,0.0,7.1875,134.2177,0.0112822756,1.18343,85.5049,11.8963,8,2.27,7.1875,108.0,1.41,42.4059,1555.2,0.000418743,0.0344062,2303.78,320.525,26.94319809525174
FFT,12000000,0,0.0,7.34892,192.0,0.0136853467,1.44896,103.1024,14.0296,8,2.27,7.34892,108.0,1.41,42.4059,1555.2,0.000752583,0.0452464,1874.87,255.121,18.184501510132435
FFT,12800000,0,0.0,7.37801,204.8,0.0177762786,1.84335,85.0019,11.521,8,2.27,7.37801,108.0,1.41,42.4059,1555.2,0.000697742,0.045756,2165.58,293.518,25.47686480102961
FFT,16777216,0,0.0,7.5,268.4355,0.0229000028,2.40355,87.9155,11.7221,8,2.27,7.5,108.0,1.41,42.4059,1555.2,0.000827231,0.175643,2433.74,324.499,27.682718370080423
FFT,25000000,0,0.0,7.67982,400.0,0.0320958585,3.42888,95.711,12.4627,8,2.27,7.67982,108.0,1.41,42.4059,1555.2,0.00131557,0.361647,2335.05,304.05,24.39692186656734
FFT,33554432,0,0.0,7.8125,536.8709,0.048415693,5.02067,86.6311,11.0888,8,2.27,7.8125,108.0,1.41,42.4059,1555.2,0.00165375,0.475695,2536.24,324.639,29.27630718065004
FFT,50000000,0,0.0,7.99232,800.0,0.0632866037,6.70001,101.0302,12.6409,8,2.27,7.99232,108.0,1.41,42.4059,1555.2,0.00261562,0.660915,2444.49,305.855,24.195641454033844
FFT,67108864,0,0.0,8.125,1073.7418,0.100556,10.4167,86.7591,10.678,8,2.27,8.125,108.0,1.41,42.4059,1555.2,0.00327236,0.860995,2666.02,328.125,30.728892909093133
GEMM,1024,0,0.0,85.3333,25.1658,0.0030408365,0.412413,706.2148,8.276,16,2.27,85.3333,108.0,1.41,42.4059,1555.2,0.000223972,0.36106,9588.18,112.361,13.576860053935317
GEMM,1152,0,0.0,96.0,31.8505,0.0027834875,0.481536,1098.4952,11.4427,16,2.27,96.0,108.0,1.41,42.4059,1555.2,0.000304757,0.36323,10033.1,104.511,9.133465351082991
GEMM,1280,0,0.0,106.667,39.3216,0.0038128305,0.622556,1100.0499,10.313,16,2.27,106.667,108.0,1.41,42.4059,1555.2,0.000427687,0.36706,9806.95,91.9401,8.91500209265187
GEMM,1408,0,0.0,117.333,47.5791,0.004731519,0.739531,1179.8787,10.0558,16,2.27,117.333,108.0,1.41,42.4059,1555.2,0.000519321,0.38426,10749.8,91.618,9.110971826673676
GEMM,1536,0,0.0,128.0,56.6231,0.00582606,0.90939,1244.0238,9.7189,16,2.27,128.0,108.0,1.41,42.4059,1555.2,0.000730855,0.41113,9916.82,77.4752,7.971567547598361
GEMM,1664,0,0.0,138.667,66.4535,0.0092339025,1.38446,997.9406,7.1967,16,2.27,138.667,108.0,1.41,42.4059,1555.2,0.000906743,0.36216,10162.6,73.2881,10.18359391801205
GEMM,1792,0,0.0,149.333,77.0703,0.0113492045,1.68008,1014.0949,6.7908,16,2.27,149.333,108.0,1.41,42.4059,1555.2,0.00103254,0.36004,11146.5,74.6416,10.991539795068473
GEMM,1920,0,0.0,160.0,88.4736,0.0134241805,1.98767,1054.4983,6.5906,16,2.27,160.0,108.0,1.41,42.4059,1555.2,0.00125751,0.36008,11257.0,70.3561,10.675207751827022
GEMM,2048,0,0.0,170.667,100.6633,0.01745686,2.69177,984.1328,5.7664,16,2.27,170.667,108.0,1.41,42.4059,1555.2,0.00153804,0.36004,11170.0,65.4489,11.350068918883776
GEMM,2304,0,0.0,192.0,127.402,0.022220634,3.46496,1100.8318,5.7335,16,2.27,192.0,108.0,1.41,42.4059,1555.2,0.00206291,0.36008,11857.6,61.7585,10.77149948373899
GEMM,2560,0,0.0,213.333,157.2864,0.03072905,4.67095,1091.945,5.1185,16,2.27,213.333,108.0,1.41,42.4059,1555.2,0.00332957,0.36102,10077.7,47.2393,9.229134693068474
GEMM,2816,0,0.0,234.667,190.3165,0.040645085,6.15495,1098.8032,4.6824,16,2.27,234.667,108.0,1.41,42.4059,1555.2,0.004327,0.35005,10321.5,43.9835,9.393363762422
GEMM,3072,0,0.0,256.0,226.4924,0.054812452,8.30155,1057.8264,4.1321,16,2.27,256.0,108.0,1.41,42.4059,1555.2,0.00579087,0.35115,10012.7,39.112,9.465322481768714
GEMM,3328,0,0.0,277.333,265.814,0.057392976,8.62766,1284.4618,4.6315,16,2.27,277.333,108.0,1.41,42.4059,1555.2,0.00738758,0.35698,9978.79,35.9812,7.768846631779283
GEMM,3584,0,0.0,298.667,308.2813,0.070582572,10.7002,1304.4773,4.3677,16,2.27,298.667,108.0,1.41,42.4059,1555.2,0.00849337,0.35604,10840.6,36.2967,8.310314044955064
GEMM,3840,0,0.0,320.0,353.8944,0.086109555,12.9714,1315.141,4.1098,16,2.27,320.0,108.0,1.41,42.4059,1555.2,0.0085518,0.368,13242.4,41.3824,10.06917315652845
GEMM,4096,0,0.0,341.333,402.6532,0.109770744,16.4937,1252.0545,3.6681,16,2.27,341.333,108.0,1.41,42.4059,1555.2,0.00820414,0.4433,16752.4,49.0793,13.379920869219688
GEMM,4608,0,0.0,384.0,509.6079,0.143691289,21.6414,1361.8741,3.5465,16,2.27,384.0,108.0,1.41,42.4059,1555.2,0.0109939,2.22392,17799.8,46.3535,13.070092414884618
GEMM,5120,0,0.0,426.667,629.1456,0.203944164,30.7977,1316.2203,3.0849,16,2.27,426.667,108.0,1.41,42.4059,1555.2,0.0228201,3.88284,11763.1,27.5698,8.937040766692522
GEMM,5632,0,0.0,469.333,761.2662,0.261807775,39.4456,1364.6944,2.9077,16,2.27,469.333,108.0,1.41,42.4059,1555.2,0.0209859,8.35512,17025.1,36.275,12.475413253660792
GEMM,6144,0,0.0,512.0,905.9697,0.358726418,52.0829,1293.0647,2.5255,16,2.27,512.0,108.0,1.41,42.4059,1555.2,0.028912,1.71225,16043.7,31.3354,12.407526909241836
GEMM,6656,0,0.0,554.667,1063.2561,0.455973929,63.8496,1293.3913,2.3318,16,2.27,554.667,108.0,1.41,42.4059,1555.2,0.0361742,10.1592,16303.1,29.3927,12.60494852685063
GEMM,7168,0,0.0,597.333,1233.1254,0.58071163,81.1313,1268.4211,2.1235,16,2.27,597.333,108.0,1.41,42.4059,1555.2,0.0460205,13.0321,16005.6,26.7952,12.618542388718073
GEMM,7680,0,0.0,640.0,1415.5776,0.695978253,97.0978,1301.7212,2.0339,16,2.27,640.0,108.0,1.41,42.4059,1555.2,0.0582518,15.2909,15552.6,24.301,11.94775531399888
GEMM,8192,0,0.0,682.667,1610.6127,0.910569322,127.089,1207.4991,1.7688,16,2.27,682.667,108.0,1.41,42.4059,1555.2,0.0704992,20.4649,15596.1,22.8458,12.91602347260678
GEMM,9216,0,0.0,768.0,2038.4317,1.2494268,174.443,1252.987,1.6315,16,2.27,768.0,108.0,1.41,42.4059,1555.2,0.0934851,22.8632,16746.1,21.8049,13.364983296803446
GEMM,10240,0,0.0,853.333,2516.5824,1.7149071,239.365,1252.2449,1.4675,16,2.27,853.333,108.0,1.41,42.4059,1555.2,0.130942,32.8229,16400.3,19.2191,13.096692428708891
GEMM,11264,0,0.0,938.667,3045.0647,2.25265955,314.419,1268.8561,1.3518,16,2.27,938.667,108.0,1.41,42.4059,1555.2,0.183518,47.2967,15575.0,16.5927,12.27486976754324
GEMM,12288,0,0.0,1024.0,3623.8787,3.05108854,425.913,1216.2386,1.1877,16,2.27,1024.0,108.0,1.41,42.4059,1555.2,0.230713,59.2992,16084.3,15.7073,13.224606069012149
GEMM,13312,0,0.0,1109.33,4253.0243,3.73220569,521.079,1264.1376,1.1395,16,2.27,1109.33,108.0,1.41,42.4059,1555.2,0.306896,75.0488,15373.4,13.8582,12.161141526771283
GEMM,14336,0,0.0,1194.67,4932.5015,4.70788431,657.238,1251.6652,1.0477,16,2.27,1194.67,108.0,1.41,42.4059,1555.2,0.381316,94.7213,15453.6,12.9355,12.346411663816887
GEMM,15360,0,0.0,1280.0,5662.3104,5.7325323,800.237,1264.3204,0.9878,16,2.27,1280.0,108.0,1.41,42.4059,1555.2,0.443614,113.409,16338.0,12.764,12.92234307303196
GEMM,16384,0,0.0,1365.33,6442.4509,7.26843786,1014.7,1210.1765,0.8864,16,2.27,684.852365,108.0,1.41,42.4059,1555.2,0.28555231425,71.25912212,7724.53365,10.9629,25.45396236444615
SpMV,1000,10000,0.01,0.142853,0.14,6.050195e-06,0.000618406,3.3057,23.1404,16,2.27,0.0825824,108.0,1.41,42.4059,1555.2,1.00336425e-05,0.00353698,0.64190675,5.8454725,0.6029908879053644
SpMV,2000,40000,0.01,0.153845,0.52,8.479829e-06,0.000980589,9.4342,61.3225,16,2.27,0.09243555,108.0,1.41,42.4059,1555.2,1.07304e-05,0.00357187,2.3093575,17.5885525,0.790262152389473
SpMV,5000,250000,0.01,0.16129,3.1,2.9164071e-05,0.00339123,17.1444,106.2953,16,2.27,0.10282145,108.0,1.41,42.4059,1555.2,1.1417925e-05,0.0011271525,11.829851,79.78445,2.554235642640848
SpMV,10000,1000000,0.01,0.163934,12.2,7.7506786e-05,0.00919852,25.8042,157.4056,16,2.27,0.10794735,108.0,1.41,42.4059,1555.2,1.30647e-05,0.00135108,33.68332,217.981225,5.9325346927216085
SpMV,12500,1562500,0.01,0.164474,19.0,0.000117991905,0.0143341,26.4849,161.028,16,2.27,0.111365075,108.0,1.41,42.4059,1555.2,1.40169e-05,0.0016174925,44.77722249999999,287.84665,8.41783168888984
SpMV,15000,2250000,0.01,0.164835,27.3,0.000170298267,0.0218589,26.4242,160.307,16,2.27,0.114070325,108.0,1.41,42.4059,1555.2,1.598345e-05,0.00170081,51.8236475,332.035625,10.654662604131149
SpMV,20000,4000000,0.01,0.165289,48.4,0.000369458903,0.048429,21.6533,131.0024,16,2.27,0.118135825,108.0,1.41,42.4059,1555.2,2.2212425e-05,0.0033387775,55.85616,361.57735,16.632983701689483
SpMV,25000,6250000,0.01,0.165563,75.5,0.000748835952,0.0974978,16.6926,100.8232,16,2.27,0.1210781,108.0,1.41,42.4059,1555.2,2.79917e-05,0.0054560175,66.6055975,430.47345,26.75207122111197
SpMV,30000,9000000,0.01,0.165746,108.6,0.00120509603,0.15615,14.9366,90.1173,16,2.27,0.123320925,108.0,1.41,42.4059,1555.2,3.56326e-05,0.00757273,73.8361825,477.535175,33.82004204015424
SpMV,40000,16000000,0.01,0.165975,192.8,0.00235648474,0.30201,13.5795,81.8168,16,2.27,0.12653045,108.0,1.41,42.4059,1555.2,5.50146e-05,0.012376025,87.2442325,565.4955,42.83380666223148
SpMV,50000,25000000,0.01,0.166113,301.0,0.00377623044,0.484186,13.2407,79.7091,16,2.27,0.1287257,108.0,1.41,42.4059,1555.2,8.0508675e-05,0.0195056925,95.7996975,621.74475,46.904640276342896
SpMV,60000,36000000,0.01,0.166205,433.2,0.00551340826,0.710754,13.0591,78.5721,16,2.27,0.130325475,108.0,1.41,42.4059,1555.2,0.00011627385,0.027408225,97.5351975,637.60925,47.417439604863866
SpMV,75000,56250000,0.01,0.166297,676.5,0.0088727833,1.17245,12.6792,76.2444,16,2.27,0.132050975,108.0,1.41,42.4059,1555.2,0.0001865068,0.044820515,105.174675,691.289,47.57351099262868
SpMV,100000,100000000,0.01,0.166389,1202.0,0.015900745,2.08149,12.578,75.5939,16,2.27,1.14522798,108.0,1.41,42.4059,1555.2,0.00029446208,0.07975752,172.75946,596.7737800000001,53.99929593650904
SpMV,125000,156250000,0.01,0.166445,1877.5,0.0251117404,3.26334,12.4444,74.7658,16,2.27,0.137351625,108.0,1.41,42.4059,1555.2,0.00062646075,0.15128955,122.760825,814.95025,40.08509774953977
SpMV,150000,225000000,0.01,0.166482,2703.0,0.0372142934,4.72998,12.0921,72.6334,16,2.27,0.140066075,108.0,1.41,42.4059,1555.2,0.0009279678,0.24008215,117.04255,774.27375,40.10300077222507
SpMV,200000,400000000,0.01,0.166528,4804.0,0.0623272248,8.01662,12.8355,77.0771,16,2.27,1.2159124,108.0,1.41,42.4059,1555.2,0.0013736189,0.336640472,261.23632000000003,700.6225999999999,45.37446652779749
SpMV,250000,625000000,0.01,0.166556,7505.0,0.0606519626,8.36199,20.6094,123.7388,16,2.27,0.14709225,108.0,1.41,42.4059,1555.2,0.00259398435,0.62792525,135.30115,900.6195,23.38177660940784
SpMV,300000,900000000,0.01,0.166574,10806.0,0.106776053,13.5084,16.8577,101.2025,16,2.27,0.1493395,108.0,1.41,42.4059,1555.2,0.0036412372,0.9169446,140.321925,927.0245,29.32411351833932
SpMV,1000,1000,0.001,0.0624922,0.032,4.302478e-06,0.000410948,0.4648,7.4385,16,2.27,0.0825824,108.0,1.41,42.4059,1555.2,1.00336425e-05,0.00353698,0.64190675,5.8454725,0.4288051921323687
SpMV,2000,4000,0.001,0.090905,0.088,4.447456e-06,0.000508299,1.7988,19.7875,16,2.27,0.09243555,108.0,1.41,42.4059,1555.2,1.07304e-05,0.00357187,2.3093575,17.5885525,0.4144725266532468
SpMV,5000,25000,0.001,0.124999,0.4,9.896985e-06,0.00109967,5.052,40.4168,16,2.27,0.10282145,108.0,1.41,42.4059,1555.2,1.1417925e-05,0.0011271525,11.829851,79.78445,0.8667936599688647
SpMV,10000,100000,0.001,0.142857,1.4,2.0004354e-05,0.0023095,9.9978,69.985,16,2.27,0.10794735,108.0,1.41,42.4059,1555.2,1.30647e-05,0.00135108,33.68332,217.981225,1.5311759167833932
SpMV,12500,156250,0.001,0.147059,2.125,2.4028811e-05,0.00280456,13.0052,88.4357,16,2.27,0.111365075,108.0,1.41,42.4059,1555.2,1.40169e-05,0.0016174925,44.77722249999999,287.84665,1.7142742689182344
SpMV,15000,225000,0.001,0.15,3.0,2.8043745e-05,0.00330041,16.0464,106.9759,16,2.27,0.114070325,108.0,1.41,42.4059,1555.2,1.598345e-05,0.00170081,51.8236475,332.035625,1.7545489240433072
SpMV,20000,400000,0.001,0.153846,5.2,4.6279862e-05,0.00544432,17.2861,112.36,16,2.27,0.118135825,108.0,1.41,42.4059,1555.2,2.2212425e-05,0.0033387775,55.85616,361.57735,2.0835123585110584
SpMV,25000,625000,0.001,0.15625,8.0,7.0352442e-05,0.00842234,17.7677,113.7132,16,2.27,0.1210781,108.0,1.41,42.4059,1555.2,2.79917e-05,0.0054560175,66.6055975,430.47345,2.513332237770482
SpMV,30000,900000,0.001,0.157895,11.4,8.3502992e-05,0.0100143,21.5561,136.5221,16,2.27,0.123320925,108.0,1.41,42.4059,1555.2,3.56326e-05,0.00757273,73.8361825,477.535175,2.343443700431627
SpMV,40000,1600000,0.001,0.16,20.0,0.000130498172,0.0158852,24.5214,153.2589,16,2.27,0.12653045,108.0,1.41,42.4059,1555.2,5.50146e-05,0.012376025,87.2442325,565.4955,2.3720643610968724
SpMV,50000,2500000,0.001,0.16129,31.0,0.00021731662,0.0283288,23.0079,142.649,16,2.27,0.1287257,108.0,1.41,42.4059,1555.2,8.0508675e-05,0.0195056925,95.7996975,621.74475,2.6992944549143307
SpMV,60000,3600000,0.001,0.162162,44.4,0.00032049932,0.0426232,22.4649,138.5338,16,2.27,0.130325475,108.0,1.41,42.4059,1555.2,0.00011627385,0.027408225,97.5351975,637.60925,2.756417887598974
SpMV,75000,5625000,0.001,0.163043,69.0,0.00059062282,0.0806724,19.0477,116.8258,16,2.27,0.132050975,108.0,1.41,42.4059,1555.2,0.0001865068,0.044820515,105.174675,691.289,3.1667629276787763
SpMV,100000,10000000,0.001,0.163934,122.0,0.00129666932,0.170385,15.4241,94.0872,16,2.27,1.14522798,108.0,1.41,42.4059,1555.2,0.00029446208,0.07975752,172.75946,596.7737800000001,4.403518850372857
SpMV,125000,15625000,0.001,0.164474,190.0,0.00228162904,0.294561,13.6964,83.2738,16,2.27,0.137351625,108.0,1.41,42.4059,1555.2,0.00062646075,0.15128955,122.760825,814.95025,3.642094161525682
SpMV,150000,22500000,0.001,0.164835,273.0,0.00343646204,0.441128,13.0949,79.4422,16,2.27,0.140066075,108.0,1.41,42.4059,1555.2,0.0009279678,0.24008215,117.04255,774.27375,3.703212589919608
SpMV,200000,40000000,0.001,0.165289,484.0,0.00646620518,0.821548,12.372,74.8507,16,2.27,1.2159124,108.0,1.41,42.4059,1555.2,0.0013736189,0.336640472,261.23632000000003,700.6225999999999,4.707422983186968
SpMV,250000,62500000,0.001,0.165563,755.0,0.00989576634,1.2689,12.6317,76.2953,16,2.27,0.14709225,108.0,1.41,42.4059,1555.2,0.00259398435,0.62792525,135.30115,900.6195,3.8148905331676346
SpMV,300000,90000000,0.001,0.165746,1086.0,0.014510139,1.83536,12.4051,74.8442,16,2.27,0.1493395,108.0,1.41,42.4059,1555.2,0.0036412372,0.9169446,140.321925,927.0245,3.984947478840434
SpMV,400000,160000000,0.001,0.165975,1928.0,0.0262138543,3.23807,12.2073,73.5489,16,2.27,1.2851438,108.0,1.41,42.4059,1555.2,0.005075361,1.22410484,396.203,850.8394000000001,5.164924091113913
SpMV,500000,250000000,0.001,0.166113,3010.0,0.0317058114,4.07246,15.77,94.9353,16,2.27,,,,,,,,,,
SpMV,1000000,1000000000,0.001,0.166389,12020.0,0.137578772,15.5222,14.5371,87.3681,16,2.27,,,,,,,,,,
SpMV,1000,1000,0.0001,0.0624922,0.032,4.49297e-06,0.000404723,0.4451,7.1231,16,2.27,0.0825824,108.0,1.41,42.4059,1555.2,1.00336425e-05,0.00353698,0.64190675,5.8454725,0.4477905207405984
SpMV,2000,2000,0.0001,0.0624961,0.064,4.471738e-06,0.000492858,0.8945,14.313,16,2.27,0.09243555,108.0,1.41,42.4059,1555.2,1.07304e-05,0.00357187,2.3093575,17.5885525,0.4167354432267203
SpMV,5000,5000,0.0001,0.0624984,0.16,4.652704e-06,0.000504271,2.1493,34.3895,16,2.27,0.10282145,108.0,1.41,42.4059,1555.2,1.1417925e-05,0.0011271525,11.829851,79.78445,0.4074912035242831
SpMV,10000,10000,0.0001,0.0624992,0.32,5.016614e-06,0.000526793,3.9868,63.7888,16,2.27,0.10794735,108.0,1.41,42.4059,1555.2,1.30647e-05,0.00135108,33.68332,217.981225,0.383982334075792
SpMV,12500,15625,0.0001,0.0714279,0.4375,5.820277e-06,0.000645445,5.3692,75.1689,16,2.27,0.111365075,108.0,1.41,42.4059,1555.2,1.40169e-05,0.0016174925,44.77722249999999,287.84665,0.4152328260885075
SpMV,15000,22500,0.0001,0.0789468,0.57,6.281704e-06,0.000663206,7.1637,90.7403,16,2.27,0.114070325,108.0,1.41,42.4059,1555.2,1.598345e-05,0.00170081,51.8236475,332.035625,0.3930130228455057
SpMV,20000,40000,0.0001,0.0909087,0.88,7.514263e-06,0.000792113,10.6464,117.1112,16,2.27,0.118135825,108.0,1.41,42.4059,1555.2,2.2212425e-05,0.0033387775,55.85616,361.57735,0.3382909790353822
SpMV,25000,62500,0.0001,0.0999997,1.25,7.851801e-06,0.000924558,15.9199,159.1997,16,2.27,0.1210781,108.0,1.41,42.4059,1555.2,2.79917e-05,0.0054560175,66.6055975,430.47345,0.2805046138676822
SpMV,30000,90000,0.0001,0.107143,1.68,8.552536e-06,0.00107379,21.0464,196.4334,16,2.27,0.123320925,108.0,1.41,42.4059,1555.2,3.56326e-05,0.00757273,73.8361825,477.535175,0.2400199817021491
SpMV,40000,160000,0.0001,0.117647,2.72,1.1454261e-05,0.00138189,27.9372,237.4666,16,2.27,0.12653045,108.0,1.41,42.4059,1555.2,5.50146e-05,0.012376025,87.2442325,565.4955,0.2082040222050146
SpMV,50000,250000,0.0001,0.125,4.0,6.052396e-05,0.00699582,8.2612,66.0896,16,2.27,0.1287257,108.0,1.41,42.4059,1555.2,8.0508675e-05,0.0195056925,95.7996975,621.74475,0.7517694211213886
SpMV,60000,360000,0.0001,0.130435,5.52,7.176524e-05,0.00882078,10.0327,76.9175,16,2.27,0.130325475,108.0,1.41,42.4059,1555.2,0.00011627385,0.027408225,97.5351975,637.60925,0.6172087705017079
SpMV,75000,562500,0.0001,0.136364,8.25,8.866166e-05,0.00941404,12.6887,93.0504,16,2.27,0.132050975,108.0,1.41,42.4059,1555.2,0.0001865068,0.044820515,105.174675,691.289,0.4753803078493652
SpMV,100000,1000000,0.0001,0.142857,14.0,0.00016513252,0.0186877,12.1115,84.7804,16,2.27,1.14522798,108.0,1.41,42.4059,1555.2,0.00029446208,0.07975752,172.75946,596.7737800000001,0.5607938380385006
SpMV,125000,1562500,0.0001,0.147059,21.25,0.00020536212,0.0239111,15.217,103.4758,16,2.27,0.137351625,108.0,1.41,42.4059,1555.2,0.00062646075,0.15128955,122.760825,814.95025,0.3278132269260285
SpMV,150000,2250000,0.0001,0.15,30.0,0.0002475607,0.0307384,18.1774,121.1824,16,2.27,0.140066075,108.0,1.41,42.4059,1555.2,0.0009279678,0.24008215,117.04255,774.27375,0.2667772524003526
SpMV,200000,4000000,0.0001,0.153846,52.0,0.00047698378,0.0610936,16.7721,109.0184,16,2.27,1.2159124,108.0,1.41,42.4059,1555.2,0.0013736189,0.336640472,261.23632000000003,700.6225999999999,0.3472460811364782
SpMV,250000,6250000,0.0001,0.15625,80.0,0.00079316744,0.101491,15.7596,100.8614,16,2.27,0.14709225,108.0,1.41,42.4059,1555.2,0.00259398435,0.62792525,135.30115,900.6195,0.3057718678988946
SpMV,300000,9000000,0.0001,0.157895,114.0,0.0012039867,0.149193,14.9503,94.6854,16,2.27,0.1493395,108.0,1.41,42.4059,1555.2,0.0036412372,0.9169446,140.321925,927.0245,0.3306531911735934
SpMV,400000,16000000,0.0001,0.16,200.0,0.00152206144,0.200936,21.0241,131.4007,16,2.27,1.2851438,108.0,1.41,42.4059,1555.2,0.005075361,1.22410484,396.203,850.8394000000001,0.2998922519994145
SpMV,500000,25000000,0.0001,0.16129,310.0,0.00399305272,0.479915,12.5217,77.6348,16,2.27,,,,,,,,,,
SpMV,1000000,100000000,0.0001,0.163934,1220.0,0.0162102064,1.9362,12.3379,75.2612,16,2.27,,,,,,,,,,
SpMV,2000000,400000000,0.0001,0.165289,4840.0,0.0654611047,7.44476,12.221,73.937,16,2.27,,,,,,,,,,
SpMV,1000,1000,1e-05,0.0624922,0.032,4.260136e-06,0.000400085,0.4695,7.5124,16,2.27,0.0825824,108.0,1.41,42.4059,1555.2,1.00336425e-05,0.00353698,0.64190675,5.8454725,0.424585189276975
SpMV,2000,2000,1e-05,0.0624961,0.064,4.269476e-06,0.000414428,0.9369,14.9911,16,2.27,0.09243555,108.0,1.41,42.4059,1555.2,1.07304e-05,0.00357187,2.3093575,17.5885525,0.3978860061134719
SpMV,5000,5000,1e-05,0.0624984,0.16,4.474681e-06,0.0005036,2.2348,35.7576,16,2.27,0.10282145,108.0,1.41,42.4059,1555.2,1.1417925e-05,0.0011271525,11.829851,79.78445,0.3918996665331047
SpMV,10000,10000,1e-05,0.0624992,0.32,4.844562e-06,0.000513915,4.1283,66.0543,16,2.27,0.10794735,108.0,1.41,42.4059,1555.2,1.30647e-05,0.00135108,33.68332,217.981225,0.3708131070747893
SpMV,12500,12500,1e-05,0.0624994,0.4,5.018392e-06,0.000528013,4.9817,79.7076,16,2.27,0.111365075,108.0,1.41,42.4059,1555.2,1.40169e-05,0.0016174925,44.77722249999999,287.84665,0.3580243848497171
SpMV,15000,15000,1e-05,0.0624995,0.48,5.219494e-06,0.000527953,5.7477,91.9637,16,2.27,0.114070325,108.0,1.41,42.4059,1555.2,1.598345e-05,0.00170081,51.8236475,332.035625,0.3265561565244049
SpMV,20000,20000,1e-05,0.0624996,0.64,5.568314e-06,0.000650389,7.1835,114.9368,16,2.27,0.118135825,108.0,1.41,42.4059,1555.2,2.2212425e-05,0.0033387775,55.85616,361.57735,0.2506846505953312
SpMV,25000,25000,1e-05,0.0624997,0.8,5.922337e-06,0.000656309,8.4426,135.0825,16,2.27,0.1210781,108.0,1.41,42.4059,1555.2,2.79917e-05,0.0054560175,66.6055975,430.47345,0.2115747525159244
SpMV,30000,30000,1e-05,0.0624997,0.96,6.437413e-06,0.000758604,9.3205,149.1289,16,2.27,0.123320925,108.0,1.41,42.4059,1555.2,3.56326e-05,0.00757273,73.8361825,477.535175,0.1806607713161543
SpMV,40000,40000,1e-05,0.0624998,1.28,6.691517e-06,0.000812376,11.9554,191.2876,16,2.27,0.12653045,108.0,1.41,42.4059,1555.2,5.50146e-05,0.012376025,87.2442325,565.4955,0.121631657778117
SpMV,50000,50000,1e-05,0.0624998,1.6,7.6014e-06,0.00189088,13.1555,210.4881,16,2.27,0.1287257,108.0,1.41,42.4059,1555.2,8.0508675e-05,0.0195056925,95.7996975,621.74475,0.0944171544246629
SpMV,60000,60000,1e-05,0.0624999,1.92,8.31408e-06,0.0,14.4333,230.934,16,2.27,0.130325475,108.0,1.41,42.4059,1555.2,0.00011627385,0.027408225,97.5351975,637.60925,0.0715042978279295
SpMV,75000,75000,1e-05,0.0624999,2.4,9.4625e-06,0.0,15.852,253.6332,16,2.27,0.132050975,108.0,1.41,42.4059,1555.2,0.0001865068,0.044820515,105.174675,691.289,0.0507354155451704
SpMV,100000,100000,1e-05,0.0624999,3.2,1.130884e-05,0.00227782,17.6853,282.9648,16,2.27,1.14522798,108.0,1.41,42.4059,1555.2,0.00029446208,0.07975752,172.75946,596.7737800000001,0.0384050808851177
SpMV,125000,156250,1e-05,0.0714285,4.375,2.157108e-05,0.00233764,14.487,202.818,16,2.27,0.137351625,108.0,1.41,42.4059,1555.2,0.00062646075,0.15128955,122.760825,814.95025,0.034433250606682
SpMV,150000,225000,1e-05,0.0789473,5.7,2.516126e-05,0.00268676,17.8846,226.5389,16,2.27,0.140066075,108.0,1.41,42.4059,1555.2,0.0009279678,0.24008215,117.04255,774.27375,0.0271143675459428
SpMV,200000,400000,1e-05,0.090909,8.8,3.254948e-05,0.00420654,24.578,270.3577,16,2.27,1.2159124,108.0,1.41,42.4059,1555.2,0.0013736189,0.336640472,261.23632000000003,700.6225999999999,0.0236961503660149
SpMV,250000,625000,1e-05,0.1,12.5,4.02181e-05,0.00518066,31.0805,310.8054,16,2.27,0.14709225,108.0,1.41,42.4059,1555.2,0.00259398435,0.62792525,135.30115,900.6195,0.0155043726458873
SpMV,300000,900000,1e-05,0.107143,16.8,4.768482e-05,0.00528076,37.7479,352.3135,16,2.27,0.1493395,108.0,1.41,42.4059,1555.2,0.0036412372,0.9169446,140.321925,927.0245,0.0130957741506101
SpMV,400000,1600000,1e-05,0.117647,27.2,0.0002047416,0.0237426,15.6295,132.8504,16,2.27,1.2851438,108.0,1.41,42.4059,1555.2,0.005075361,1.22410484,396.203,850.8394000000001,0.0403403028868291
SpMV,500000,2500000,1e-05,0.125,40.0,0.00055588456,0.0686558,8.9947,71.9574,16,2.27,,,,,,,,,,
SpMV,1000000,10000000,1e-05,0.142857,140.0,0.00180277714,0.223618,11.094,77.658,16,2.27,,,,,,,,,,
SpMV,2000000,40000000,1e-05,0.153846,520.0,0.00622346546,0.766972,12.8546,83.5547,16,2.27,,,,,,,,,,
SpMV,5000000,250000000,1e-05,0.16129,3100.0,0.0417818832,4.99563,11.9669,74.1948,16,2.27,,,,,,,,,,
SpMV,10000000,1000000000,1e-05,0.163934,12200.0,0.128096501,15.0285,15.6132,95.2407,16,2.27,,,,,,,,,,
FFT,16384,0,0.0,4.37473,0.2622,2.2101237e-05,0.00233361,51.8921,11.8618,16,2.27,684.852365,108.0,1.41,42.4059,1555.2,0.28555231425,71.25912212,7724.53365,10.9629,7.739820655296965e-05
FFT,24000,0,0.0,4.54692,0.384,2.642509e-05,0.00316344,66.077,14.5322,16,2.27,4.54692,108.0,1.41,42.4059,1555.2,1.80542e-05,0.0011182,96.7139,21.2702,1.46365333274252
FFT,32768,0,0.0,4.68736,0.5243,3.52948e-05,0.00435363,69.6307,14.855,16,2.27,4.68736,108.0,1.41,42.4059,1555.2,4.67572e-05,0.00340818,52.5609,11.2133,0.7548527285637292
FFT,48000,0,0.0,4.85951,0.768,3.833999e-05,0.00440123,97.3443,20.0317,16,2.27,4.85951,108.0,1.41,42.4059,1555.2,1.97638e-05,0.00126092,188.839,38.8598,1.939909835153159
FFT,65536,0,0.0,4.99992,1.0486,4.240114e-05,0.00465697,123.6495,24.7303,16,2.27,4.99992,108.0,1.41,42.4059,1555.2,1.78925e-05,0.00131446,293.022,58.6052,2.3697716920497416
FFT,100000,0,0.0,5.19046,1.6,7.311119e-05,0.00792723,113.5916,21.8847,16,2.27,1.14522798,108.0,1.41,42.4059,1555.2,0.00029446208,0.07975752,172.75946,596.7737800000001,0.2482872837140863
FFT,131072,0,0.0,5.31246,2.0972,6.519917e-05,0.00841367,170.8782,32.1656,16,2.27,5.31246,108.0,1.41,42.4059,1555.2,1.84689e-05,0.0015114,603.236,113.551,3.530214035486683
FFT,200000,0,0.0,5.50299,3.2,8.319265e-05,0.0099835,211.673,38.4651,16,2.27,1.2159124,108.0,1.41,42.4059,1555.2,0.0013736189,0.336640472,261.23632000000003,700.6225999999999,0.0605645787197599
FFT,262144,0,0.0,5.62498,4.1943,0.00015192639,0.0171856,155.292,27.6076,16,2.27,5.62498,108.0,1.41,42.4059,1555.2,2.3565e-05,0.00400904,1001.18,177.989,6.447120305537874
FFT,400000,0,0.0,5.8155,6.4,0.00019031281,0.0226928,195.569,33.6289,16,2.27,1.2851438,108.0,1.41,42.4059,1555.2,0.005075361,1.22410484,396.203,850.8394000000001,0.0374973937814472
FFT,524288,0,0.0,5.93749,8.3886,0.00021877455,0.0280224,227.6652,38.3437,16,2.27,5.93749,108.0,1.41,42.4059,1555.2,2.87296e-05,0.00469192,1733.66,291.986,7.61495287090666
FFT,800000,0,0.0,6.128,12.8,0.00031082842,0.0402288,252.3532,41.1803,16,2.27,6.128,108.0,1.41,42.4059,1555.2,4.08871e-05,0.0075054,1918.42,313.057,7.602114603383463
FFT,1048576,0,0.0,6.24999,16.7772,0.00057086683,0.0729881,183.6814,29.389,16,2.27,6.24999,108.0,1.41,42.4059,1555.2,4.91179e-05,0.034577,2134.81,341.57,11.622378603319769
FFT,1600000,0,0.0,6.44051,25.6,0.0007097733,0.0895872,232.2955,36.0679,16,2.27,6.44051,108.0,1.41,42.4059,1555.2,7.13842e-05,0.0169766,2309.71,358.623,9.94300279333522
FFT,2097152,0,0.0,6.5625,33.5544,0.001403174,0.173706,156.9306,23.9132,16,2.27,6.5625,108.0,1.41,42.4059,1555.2,0.000120523,0.024234,1827.04,278.407,11.642375314255371
FFT,3000000,0,0.0,6.72391,48.0,0.0017596318,0.222088,183.4179,27.2784,16,2.27,6.72391,108.0,1.41,42.4059,1555.2,0.000170357,0.023219,1894.54,281.762,10.329084217261398
FFT,3200000,0,0.0,6.75301,51.2,0.0021432162,0.265472,161.325,23.8893,16,2.27,6.75301,108.0,1.41,42.4059,1555.2,0.000169239,0.0211684,2043.0,302.532,12.663843440341765
FFT,4194304,0,0.0,6.875,67.1089,0.0032407531,0.403203,142.3661,20.7078,16,2.27,6.875,108.0,1.41,42.4059,1555.2,0.000216187,0.0285648,2134.14,310.421,14.990508679985382
FFT,6000000,0,0.0,7.03641,96.0,0.004211868,0.539409,160.3792,22.7927,16,2.27,7.03641,108.0,1.41,42.4059,1555.2,0.000375957,0.0239924,1796.74,255.349,11.203057796503323
FFT,6400000,0,0.0,7.06551,102.4,0.0043406408,0.567912,166.6824,23.591,16,2.27,7.06551,108.0,1.41,42.4059,1555.2,0.000358437,0.022286,2018.51,285.685,12.10991276012242
FFT,8388608,0,0.0,7.1875,134.2177,0.0072718393,0.898893,132.6611,18.4572,16,2.27,7.1875,108.0,1.41,42.4059,1555.2,0.000418743,0.0344062,2303.78,320.525,17.365876683311722
FFT,12000000,0,0.0,7.34892,192.0,0.0084754035,1.08065,166.4808,22.6538,16,2.27,7.34892,108.0,1.41,42.4059,1555.2,0.000752583,0.0452464,1874.87,255.121,11.261752524306289
FFT,12800000,0,0.0,7.37801,204.8,0.0111031962,1.3887,136.0885,18.4451,16,2.27,7.37801,108.0,1.41,42.4059,1555.2,0.000697742,0.045756,2165.58,293.518,15.91303977688028
FFT,16777216,0,0.0,7.5,268.4355,0.0145559993,1.822,138.3118,18.4416,16,2.27,7.5,108.0,1.41,42.4059,1555.2,0.000827231,0.175643,2433.74,324.499,17.59605152611544
FFT,25000000,0,0.0,7.67982,400.0,0.0203582281,2.60015,150.8937,19.6481,16,2.27,7.67982,108.0,1.41,42.4059,1555.2,0.00131557,0.361647,2335.05,304.05,15.47483455840434
FFT,33554432,0,0.0,7.8125,536.8709,0.0302841239,3.78128,138.4984,17.7278,16,2.27,7.8125,108.0,1.41,42.4059,1555.2,0.00165375,0.475695,2536.24,324.639,18.312395404383977
FFT,50000000,0,0.0,7.99232,800.0,0.0429010757,5.29902,149.0372,18.6476,16,2.27,7.99232,108.0,1.41,42.4059,1555.2,0.00261562,0.660915,2444.49,305.855,16.401876304661993
FFT,67108864,0,0.0,8.125,1073.7418,0.0621528205,7.65959,140.3662,17.2758,16,2.27,8.125,108.0,1.41,42.4059,1555.2,0.00327236,0.860995,2666.02,328.125,18.993271064308328
